threshold,tp,fp,tn,fn,tpr,fpr,asr
-4.516263363945667,1,0,500,499,0.002,0.0,0.501
-4.513171071801151,1,0,500,499,0.002,0.0,0.501
-4.510078779656634,1,0,500,499,0.002,0.0,0.501
-4.506986487512118,1,0,500,499,0.002,0.0,0.501
-4.503894195367602,1,0,500,499,0.002,0.0,0.501
-4.500801903223086,1,0,500,499,0.002,0.0,0.501
-4.4977096110785695,1,0,500,499,0.002,0.0,0.501
-4.494617318934053,1,0,500,499,0.002,0.0,0.501
-4.491525026789537,1,0,500,499,0.002,0.0,0.501
-4.488432734645021,1,0,500,499,0.002,0.0,0.501
-4.485340442500505,1,0,500,499,0.002,0.0,0.501
-4.482248150355988,1,0,500,499,0.002,0.0,0.501
-4.479155858211472,1,0,500,499,0.002,0.0,0.501
-4.476063566066956,1,0,500,499,0.002,0.0,0.501
-4.47297127392244,1,0,500,499,0.002,0.0,0.501
-4.469878981777923,1,0,500,499,0.002,0.0,0.501
-4.466786689633407,1,0,500,499,0.002,0.0,0.501
-4.463694397488891,1,0,500,499,0.002,0.0,0.501
-4.460602105344375,1,0,500,499,0.002,0.0,0.501
-4.4575098131998585,1,0,500,499,0.002,0.0,0.501
-4.454417521055342,1,0,500,499,0.002,0.0,0.501
-4.451325228910826,1,0,500,499,0.002,0.0,0.501
-4.44823293676631,1,0,500,499,0.002,0.0,0.501
-4.445140644621794,1,0,500,499,0.002,0.0,0.501
-4.442048352477277,1,0,500,499,0.002,0.0,0.501
-4.438956060332761,1,0,500,499,0.002,0.0,0.501
-4.435863768188245,1,0,500,499,0.002,0.0,0.501
-4.432771476043729,1,0,500,499,0.002,0.0,0.501
-4.4296791838992124,1,0,500,499,0.002,0.0,0.501
-4.426586891754696,1,0,500,499,0.002,0.0,0.501
-4.42349459961018,1,0,500,499,0.002,0.0,0.501
-4.420402307465664,1,0,500,499,0.002,0.0,0.501
-4.4173100153211475,1,0,500,499,0.002,0.0,0.501
-4.414217723176631,2,0,500,498,0.004,0.0,0.502
-4.411125431032115,2,0,500,498,0.004,0.0,0.502
-4.408033138887599,2,0,500,498,0.004,0.0,0.502
-4.404940846743083,2,0,500,498,0.004,0.0,0.502
-4.401848554598566,2,0,500,498,0.004,0.0,0.502
-4.39875626245405,2,0,500,498,0.004,0.0,0.502
-4.395663970309534,2,0,500,498,0.004,0.0,0.502
-4.392571678165018,2,0,500,498,0.004,0.0,0.502
-4.3894793860205015,2,0,500,498,0.004,0.0,0.502
-4.386387093875985,2,0,500,498,0.004,0.0,0.502
-4.383294801731469,2,0,500,498,0.004,0.0,0.502
-4.380202509586953,2,0,500,498,0.004,0.0,0.502
-4.377110217442437,2,0,500,498,0.004,0.0,0.502
-4.37401792529792,2,0,500,498,0.004,0.0,0.502
-4.370925633153404,2,0,500,498,0.004,0.0,0.502
-4.367833341008888,2,0,500,498,0.004,0.0,0.502
-4.364741048864372,2,0,500,498,0.004,0.0,0.502
-4.361648756719855,2,0,500,498,0.004,0.0,0.502
-4.358556464575339,2,0,500,498,0.004,0.0,0.502
-4.355464172430823,2,0,500,498,0.004,0.0,0.502
-4.352371880286307,2,0,500,498,0.004,0.0,0.502
-4.3492795881417905,2,0,500,498,0.004,0.0,0.502
-4.346187295997274,2,0,500,498,0.004,0.0,0.502
-4.343095003852758,2,0,500,498,0.004,0.0,0.502
-4.340002711708242,2,0,500,498,0.004,0.0,0.502
-4.336910419563726,2,0,500,498,0.004,0.0,0.502
-4.333818127419209,2,0,500,498,0.004,0.0,0.502
-4.330725835274693,2,0,500,498,0.004,0.0,0.502
-4.327633543130177,2,0,500,498,0.004,0.0,0.502
-4.324541250985661,2,0,500,498,0.004,0.0,0.502
-4.321448958841144,2,0,500,498,0.004,0.0,0.502
-4.318356666696628,2,0,500,498,0.004,0.0,0.502
-4.315264374552112,2,0,500,498,0.004,0.0,0.502
-4.312172082407596,2,0,500,498,0.004,0.0,0.502
-4.3090797902630795,2,0,500,498,0.004,0.0,0.502
-4.305987498118563,2,0,500,498,0.004,0.0,0.502
-4.302895205974047,2,0,500,498,0.004,0.0,0.502
-4.299802913829531,2,0,500,498,0.004,0.0,0.502
-4.296710621685015,2,0,500,498,0.004,0.0,0.502
-4.293618329540498,2,0,500,498,0.004,0.0,0.502
-4.290526037395982,2,0,500,498,0.004,0.0,0.502
-4.287433745251466,2,0,500,498,0.004,0.0,0.502
-4.28434145310695,2,0,500,498,0.004,0.0,0.502
-4.2812491609624335,3,0,500,497,0.006,0.0,0.503
-4.278156868817917,3,0,500,497,0.006,0.0,0.503
-4.275064576673401,3,0,500,497,0.006,0.0,0.503
-4.271972284528885,3,0,500,497,0.006,0.0,0.503
-4.2688799923843685,3,0,500,497,0.006,0.0,0.503
-4.265787700239852,3,0,500,497,0.006,0.0,0.503
-4.262695408095336,3,0,500,497,0.006,0.0,0.503
-4.25960311595082,3,0,500,497,0.006,0.0,0.503
-4.256510823806304,3,0,500,497,0.006,0.0,0.503
-4.253418531661787,3,0,500,497,0.006,0.0,0.503
-4.250326239517271,3,0,500,497,0.006,0.0,0.503
-4.247233947372755,3,0,500,497,0.006,0.0,0.503
-4.244141655228239,3,0,500,497,0.006,0.0,0.503
-4.2410493630837225,3,0,500,497,0.006,0.0,0.503
-4.237957070939206,3,0,500,497,0.006,0.0,0.503
-4.23486477879469,3,0,500,497,0.006,0.0,0.503
-4.231772486650174,3,0,500,497,0.006,0.0,0.503
-4.228680194505658,3,0,500,497,0.006,0.0,0.503
-4.225587902361141,3,0,500,497,0.006,0.0,0.503
-4.222495610216625,3,0,500,497,0.006,0.0,0.503
-4.219403318072109,3,0,500,497,0.006,0.0,0.503
-4.216311025927593,3,0,500,497,0.006,0.0,0.503
-4.213218733783076,3,0,500,497,0.006,0.0,0.503
-4.21012644163856,3,0,500,497,0.006,0.0,0.503
-4.207034149494044,3,0,500,497,0.006,0.0,0.503
-4.203941857349528,3,0,500,497,0.006,0.0,0.503
-4.2008495652050115,3,0,500,497,0.006,0.0,0.503
-4.197757273060495,3,0,500,497,0.006,0.0,0.503
-4.194664980915979,3,0,500,497,0.006,0.0,0.503
-4.191572688771463,3,0,500,497,0.006,0.0,0.503
-4.188480396626947,3,0,500,497,0.006,0.0,0.503
-4.18538810448243,3,0,500,497,0.006,0.0,0.503
-4.182295812337914,3,0,500,497,0.006,0.0,0.503
-4.179203520193398,3,0,500,497,0.006,0.0,0.503
-4.176111228048882,3,0,500,497,0.006,0.0,0.503
-4.1730189359043655,3,0,500,497,0.006,0.0,0.503
-4.169926643759849,3,0,500,497,0.006,0.0,0.503
-4.166834351615333,3,0,500,497,0.006,0.0,0.503
-4.163742059470817,3,0,500,497,0.006,0.0,0.503
-4.1606497673263005,3,0,500,497,0.006,0.0,0.503
-4.157557475181784,3,0,500,497,0.006,0.0,0.503
-4.154465183037268,3,0,500,497,0.006,0.0,0.503
-4.151372890892752,3,0,500,497,0.006,0.0,0.503
-4.148280598748236,3,0,500,497,0.006,0.0,0.503
-4.145188306603719,3,0,500,497,0.006,0.0,0.503
-4.142096014459203,3,0,500,497,0.006,0.0,0.503
-4.139003722314687,3,0,500,497,0.006,0.0,0.503
-4.135911430170171,3,0,500,497,0.006,0.0,0.503
-4.1328191380256545,3,0,500,497,0.006,0.0,0.503
-4.129726845881138,3,0,500,497,0.006,0.0,0.503
-4.126634553736622,3,0,500,497,0.006,0.0,0.503
-4.123542261592106,3,0,500,497,0.006,0.0,0.503
-4.12044996944759,3,0,500,497,0.006,0.0,0.503
-4.117357677303073,3,0,500,497,0.006,0.0,0.503
-4.114265385158557,3,0,500,497,0.006,0.0,0.503
-4.111173093014041,3,0,500,497,0.006,0.0,0.503
-4.108080800869525,3,0,500,497,0.006,0.0,0.503
-4.104988508725008,3,0,500,497,0.006,0.0,0.503
-4.101896216580492,3,0,500,497,0.006,0.0,0.503
-4.098803924435976,3,0,500,497,0.006,0.0,0.503
-4.09571163229146,3,0,500,497,0.006,0.0,0.503
-4.0926193401469435,3,0,500,497,0.006,0.0,0.503
-4.089527048002427,3,0,500,497,0.006,0.0,0.503
-4.086434755857911,3,0,500,497,0.006,0.0,0.503
-4.083342463713395,3,0,500,497,0.006,0.0,0.503
-4.080250171568879,3,0,500,497,0.006,0.0,0.503
-4.077157879424362,3,0,500,497,0.006,0.0,0.503
-4.074065587279846,3,0,500,497,0.006,0.0,0.503
-4.07097329513533,3,0,500,497,0.006,0.0,0.503
-4.067881002990814,3,0,500,497,0.006,0.0,0.503
-4.0647887108462974,3,0,500,497,0.006,0.0,0.503
-4.061696418701781,3,0,500,497,0.006,0.0,0.503
-4.058604126557265,3,0,500,497,0.006,0.0,0.503
-4.055511834412749,3,0,500,497,0.006,0.0,0.503
-4.0524195422682325,3,0,500,497,0.006,0.0,0.503
-4.049327250123716,3,0,500,497,0.006,0.0,0.503
-4.0462349579792,3,0,500,497,0.006,0.0,0.503
-4.043142665834684,3,0,500,497,0.006,0.0,0.503
-4.040050373690168,3,0,500,497,0.006,0.0,0.503
-4.036958081545651,3,0,500,497,0.006,0.0,0.503
-4.033865789401135,3,0,500,497,0.006,0.0,0.503
-4.030773497256619,3,0,500,497,0.006,0.0,0.503
-4.027681205112103,3,0,500,497,0.006,0.0,0.503
-4.0245889129675865,3,0,500,497,0.006,0.0,0.503
-4.02149662082307,3,0,500,497,0.006,0.0,0.503
-4.018404328678554,3,0,500,497,0.006,0.0,0.503
-4.015312036534038,3,0,500,497,0.006,0.0,0.503
-4.012219744389522,3,0,500,497,0.006,0.0,0.503
-4.009127452245005,3,0,500,497,0.006,0.0,0.503
-4.006035160100489,3,0,500,497,0.006,0.0,0.503
-4.002942867955973,3,0,500,497,0.006,0.0,0.503
-3.9998505758114566,3,0,500,497,0.006,0.0,0.503
-3.9967582836669404,3,0,500,497,0.006,0.0,0.503
-3.993665991522424,3,0,500,497,0.006,0.0,0.503
-3.990573699377908,3,0,500,497,0.006,0.0,0.503
-3.9874814072333917,3,0,500,497,0.006,0.0,0.503
-3.9843891150888755,3,0,500,497,0.006,0.0,0.503
-3.9812968229443593,3,0,500,497,0.006,0.0,0.503
-3.978204530799843,3,0,500,497,0.006,0.0,0.503
-3.975112238655327,3,0,500,497,0.006,0.0,0.503
-3.9720199465108106,3,0,500,497,0.006,0.0,0.503
-3.9689276543662944,3,0,500,497,0.006,0.0,0.503
-3.965835362221778,3,0,500,497,0.006,0.0,0.503
-3.962743070077262,3,0,500,497,0.006,0.0,0.503
-3.9596507779327457,3,0,500,497,0.006,0.0,0.503
-3.9565584857882294,3,0,500,497,0.006,0.0,0.503
-3.953466193643713,3,0,500,497,0.006,0.0,0.503
-3.950373901499197,3,0,500,497,0.006,0.0,0.503
-3.9472816093546808,3,0,500,497,0.006,0.0,0.503
-3.9441893172101645,3,0,500,497,0.006,0.0,0.503
-3.9410970250656483,3,0,500,497,0.006,0.0,0.503
-3.938004732921132,3,0,500,497,0.006,0.0,0.503
-3.934912440776616,3,0,500,497,0.006,0.0,0.503
-3.9318201486320996,3,0,500,497,0.006,0.0,0.503
-3.9287278564875834,3,0,500,497,0.006,0.0,0.503
-3.925635564343067,3,0,500,497,0.006,0.0,0.503
-3.922543272198551,3,0,500,497,0.006,0.0,0.503
-3.9194509800540347,3,0,500,497,0.006,0.0,0.503
-3.9163586879095185,3,0,500,497,0.006,0.0,0.503
-3.9132663957650022,3,0,500,497,0.006,0.0,0.503
-3.910174103620486,3,0,500,497,0.006,0.0,0.503
-3.90708181147597,3,0,500,497,0.006,0.0,0.503
-3.9039895193314536,3,0,500,497,0.006,0.0,0.503
-3.9008972271869373,3,0,500,497,0.006,0.0,0.503
-3.897804935042421,3,0,500,497,0.006,0.0,0.503
-3.894712642897905,3,0,500,497,0.006,0.0,0.503
-3.8916203507533886,3,0,500,497,0.006,0.0,0.503
-3.8885280586088724,3,0,500,497,0.006,0.0,0.503
-3.885435766464356,3,0,500,497,0.006,0.0,0.503
-3.88234347431984,3,0,500,497,0.006,0.0,0.503
-3.8792511821753237,3,0,500,497,0.006,0.0,0.503
-3.8761588900308075,3,0,500,497,0.006,0.0,0.503
-3.8730665978862913,3,0,500,497,0.006,0.0,0.503
-3.869974305741775,3,0,500,497,0.006,0.0,0.503
-3.866882013597259,3,0,500,497,0.006,0.0,0.503
-3.8637897214527426,3,0,500,497,0.006,0.0,0.503
-3.8606974293082263,3,0,500,497,0.006,0.0,0.503
-3.85760513716371,3,0,500,497,0.006,0.0,0.503
-3.854512845019194,3,0,500,497,0.006,0.0,0.503
-3.8514205528746777,3,0,500,497,0.006,0.0,0.503
-3.8483282607301614,3,0,500,497,0.006,0.0,0.503
-3.845235968585645,3,0,500,497,0.006,0.0,0.503
-3.842143676441129,3,0,500,497,0.006,0.0,0.503
-3.8390513842966127,3,0,500,497,0.006,0.0,0.503
-3.8359590921520965,3,0,500,497,0.006,0.0,0.503
-3.8328668000075803,3,0,500,497,0.006,0.0,0.503
-3.829774507863064,3,0,500,497,0.006,0.0,0.503
-3.826682215718548,3,0,500,497,0.006,0.0,0.503
-3.8235899235740316,3,0,500,497,0.006,0.0,0.503
-3.8204976314295154,3,0,500,497,0.006,0.0,0.503
-3.817405339284999,3,0,500,497,0.006,0.0,0.503
-3.814313047140483,3,0,500,497,0.006,0.0,0.503
-3.8112207549959667,3,0,500,497,0.006,0.0,0.503
-3.8081284628514505,3,0,500,497,0.006,0.0,0.503
-3.8050361707069342,3,0,500,497,0.006,0.0,0.503
-3.801943878562418,3,0,500,497,0.006,0.0,0.503
-3.7988515864179018,3,0,500,497,0.006,0.0,0.503
-3.7957592942733855,3,0,500,497,0.006,0.0,0.503
-3.7926670021288693,3,0,500,497,0.006,0.0,0.503
-3.789574709984353,3,0,500,497,0.006,0.0,0.503
-3.786482417839837,3,0,500,497,0.006,0.0,0.503
-3.7833901256953206,3,0,500,497,0.006,0.0,0.503
-3.7802978335508044,3,0,500,497,0.006,0.0,0.503
-3.777205541406288,3,0,500,497,0.006,0.0,0.503
-3.774113249261772,3,0,500,497,0.006,0.0,0.503
-3.7710209571172557,3,0,500,497,0.006,0.0,0.503
-3.7679286649727395,3,0,500,497,0.006,0.0,0.503
-3.7648363728282233,3,0,500,497,0.006,0.0,0.503
-3.761744080683707,3,0,500,497,0.006,0.0,0.503
-3.758651788539191,3,0,500,497,0.006,0.0,0.503
-3.7555594963946746,3,0,500,497,0.006,0.0,0.503
-3.7524672042501583,3,0,500,497,0.006,0.0,0.503
-3.749374912105642,3,0,500,497,0.006,0.0,0.503
-3.746282619961126,3,0,500,497,0.006,0.0,0.503
-3.7431903278166097,3,0,500,497,0.006,0.0,0.503
-3.7400980356720934,3,0,500,497,0.006,0.0,0.503
-3.737005743527577,3,0,500,497,0.006,0.0,0.503
-3.733913451383061,3,0,500,497,0.006,0.0,0.503
-3.7308211592385447,3,0,500,497,0.006,0.0,0.503
-3.7277288670940285,3,0,500,497,0.006,0.0,0.503
-3.7246365749495123,3,0,500,497,0.006,0.0,0.503
-3.721544282804996,3,0,500,497,0.006,0.0,0.503
-3.71845199066048,3,0,500,497,0.006,0.0,0.503
-3.7153596985159636,3,0,500,497,0.006,0.0,0.503
-3.7122674063714474,3,0,500,497,0.006,0.0,0.503
-3.709175114226931,3,0,500,497,0.006,0.0,0.503
-3.706082822082415,3,0,500,497,0.006,0.0,0.503
-3.7029905299378987,3,0,500,497,0.006,0.0,0.503
-3.6998982377933824,3,0,500,497,0.006,0.0,0.503
-3.696805945648866,3,0,500,497,0.006,0.0,0.503
-3.69371365350435,3,0,500,497,0.006,0.0,0.503
-3.6906213613598338,3,0,500,497,0.006,0.0,0.503
-3.6875290692153175,3,0,500,497,0.006,0.0,0.503
-3.6844367770708013,3,0,500,497,0.006,0.0,0.503
-3.681344484926285,3,0,500,497,0.006,0.0,0.503
-3.678252192781769,3,0,500,497,0.006,0.0,0.503
-3.6751599006372526,3,0,500,497,0.006,0.0,0.503
-3.6720676084927364,3,0,500,497,0.006,0.0,0.503
-3.66897531634822,3,0,500,497,0.006,0.0,0.503
-3.665883024203704,3,0,500,497,0.006,0.0,0.503
-3.6627907320591877,3,0,500,497,0.006,0.0,0.503
-3.6596984399146715,3,0,500,497,0.006,0.0,0.503
-3.6566061477701552,3,0,500,497,0.006,0.0,0.503
-3.653513855625639,3,0,500,497,0.006,0.0,0.503
-3.650421563481123,3,0,500,497,0.006,0.0,0.503
-3.6473292713366066,3,0,500,497,0.006,0.0,0.503
-3.6442369791920903,3,0,500,497,0.006,0.0,0.503
-3.641144687047574,3,0,500,497,0.006,0.0,0.503
-3.638052394903058,3,0,500,497,0.006,0.0,0.503
-3.6349601027585416,3,0,500,497,0.006,0.0,0.503
-3.6318678106140254,3,0,500,497,0.006,0.0,0.503
-3.628775518469509,3,0,500,497,0.006,0.0,0.503
-3.625683226324993,3,0,500,497,0.006,0.0,0.503
-3.6225909341804767,3,0,500,497,0.006,0.0,0.503
-3.6194986420359605,3,0,500,497,0.006,0.0,0.503
-3.6164063498914443,3,0,500,497,0.006,0.0,0.503
-3.613314057746928,3,0,500,497,0.006,0.0,0.503
-3.610221765602412,3,0,500,497,0.006,0.0,0.503
-3.6071294734578956,3,0,500,497,0.006,0.0,0.503
-3.6040371813133794,3,0,500,497,0.006,0.0,0.503
-3.600944889168863,3,0,500,497,0.006,0.0,0.503
-3.597852597024347,3,0,500,497,0.006,0.0,0.503
-3.5947603048798307,3,0,500,497,0.006,0.0,0.503
-3.5916680127353144,3,0,500,497,0.006,0.0,0.503
-3.588575720590798,3,0,500,497,0.006,0.0,0.503
-3.585483428446282,3,0,500,497,0.006,0.0,0.503
-3.5823911363017658,3,0,500,497,0.006,0.0,0.503
-3.5792988441572495,3,0,500,497,0.006,0.0,0.503
-3.5762065520127333,3,0,500,497,0.006,0.0,0.503
-3.573114259868217,3,0,500,497,0.006,0.0,0.503
-3.570021967723701,3,0,500,497,0.006,0.0,0.503
-3.5669296755791846,3,0,500,497,0.006,0.0,0.503
-3.5638373834346684,3,0,500,497,0.006,0.0,0.503
-3.560745091290152,4,0,500,496,0.008,0.0,0.504
-3.557652799145636,4,0,500,496,0.008,0.0,0.504
-3.5545605070011197,4,0,500,496,0.008,0.0,0.504
-3.5514682148566035,4,0,500,496,0.008,0.0,0.504
-3.5483759227120872,4,0,500,496,0.008,0.0,0.504
-3.545283630567571,4,0,500,496,0.008,0.0,0.504
-3.542191338423055,4,0,500,496,0.008,0.0,0.504
-3.5390990462785386,4,0,500,496,0.008,0.0,0.504
-3.5360067541340223,4,0,500,496,0.008,0.0,0.504
-3.532914461989506,4,0,500,496,0.008,0.0,0.504
-3.52982216984499,4,0,500,496,0.008,0.0,0.504
-3.5267298777004736,4,0,500,496,0.008,0.0,0.504
-3.5236375855559574,4,0,500,496,0.008,0.0,0.504
-3.520545293411441,4,0,500,496,0.008,0.0,0.504
-3.517453001266925,4,0,500,496,0.008,0.0,0.504
-3.5143607091224087,4,0,500,496,0.008,0.0,0.504
-3.5112684169778925,4,0,500,496,0.008,0.0,0.504
-3.5081761248333763,4,0,500,496,0.008,0.0,0.504
-3.50508383268886,4,0,500,496,0.008,0.0,0.504
-3.501991540544344,4,0,500,496,0.008,0.0,0.504
-3.4988992483998276,4,0,500,496,0.008,0.0,0.504
-3.4958069562553113,4,0,500,496,0.008,0.0,0.504
-3.492714664110795,4,0,500,496,0.008,0.0,0.504
-3.489622371966279,4,0,500,496,0.008,0.0,0.504
-3.4865300798217627,4,0,500,496,0.008,0.0,0.504
-3.4834377876772464,4,0,500,496,0.008,0.0,0.504
-3.48034549553273,4,0,500,496,0.008,0.0,0.504
-3.477253203388214,4,0,500,496,0.008,0.0,0.504
-3.4741609112436977,4,0,500,496,0.008,0.0,0.504
-3.4710686190991815,4,0,500,496,0.008,0.0,0.504
-3.4679763269546653,4,0,500,496,0.008,0.0,0.504
-3.464884034810149,4,0,500,496,0.008,0.0,0.504
-3.461791742665633,4,0,500,496,0.008,0.0,0.504
-3.4586994505211166,4,0,500,496,0.008,0.0,0.504
-3.4556071583766004,4,0,500,496,0.008,0.0,0.504
-3.452514866232084,4,0,500,496,0.008,0.0,0.504
-3.449422574087568,4,0,500,496,0.008,0.0,0.504
-3.4463302819430517,4,0,500,496,0.008,0.0,0.504
-3.4432379897985355,4,0,500,496,0.008,0.0,0.504
-3.4401456976540192,4,0,500,496,0.008,0.0,0.504
-3.437053405509503,4,0,500,496,0.008,0.0,0.504
-3.4339611133649868,4,0,500,496,0.008,0.0,0.504
-3.4308688212204705,4,0,500,496,0.008,0.0,0.504
-3.4277765290759543,4,0,500,496,0.008,0.0,0.504
-3.424684236931438,4,0,500,496,0.008,0.0,0.504
-3.421591944786922,4,0,500,496,0.008,0.0,0.504
-3.4184996526424056,4,0,500,496,0.008,0.0,0.504
-3.4154073604978894,4,0,500,496,0.008,0.0,0.504
-3.412315068353373,4,0,500,496,0.008,0.0,0.504
-3.409222776208857,4,0,500,496,0.008,0.0,0.504
-3.4061304840643407,4,0,500,496,0.008,0.0,0.504
-3.4030381919198245,4,0,500,496,0.008,0.0,0.504
-3.3999458997753083,4,0,500,496,0.008,0.0,0.504
-3.396853607630792,4,0,500,496,0.008,0.0,0.504
-3.393761315486276,4,0,500,496,0.008,0.0,0.504
-3.3906690233417596,4,0,500,496,0.008,0.0,0.504
-3.3875767311972433,4,0,500,496,0.008,0.0,0.504
-3.384484439052727,5,0,500,495,0.01,0.0,0.505
-3.381392146908211,5,0,500,495,0.01,0.0,0.505
-3.3782998547636947,5,0,500,495,0.01,0.0,0.505
-3.3752075626191784,5,0,500,495,0.01,0.0,0.505
-3.372115270474662,5,0,500,495,0.01,0.0,0.505
-3.369022978330146,5,0,500,495,0.01,0.0,0.505
-3.3659306861856297,5,0,500,495,0.01,0.0,0.505
-3.3628383940411135,5,0,500,495,0.01,0.0,0.505
-3.3597461018965973,5,0,500,495,0.01,0.0,0.505
-3.356653809752081,5,0,500,495,0.01,0.0,0.505
-3.353561517607565,5,0,500,495,0.01,0.0,0.505
-3.3504692254630486,5,0,500,495,0.01,0.0,0.505
-3.3473769333185324,5,0,500,495,0.01,0.0,0.505
-3.344284641174016,5,0,500,495,0.01,0.0,0.505
-3.3411923490295,5,0,500,495,0.01,0.0,0.505
-3.3381000568849837,5,0,500,495,0.01,0.0,0.505
-3.3350077647404675,5,0,500,495,0.01,0.0,0.505
-3.331915472595951,5,0,500,495,0.01,0.0,0.505
-3.328823180451435,5,0,500,495,0.01,0.0,0.505
-3.3257308883069188,5,0,500,495,0.01,0.0,0.505
-3.3226385961624025,5,0,500,495,0.01,0.0,0.505
-3.3195463040178863,5,0,500,495,0.01,0.0,0.505
-3.31645401187337,5,0,500,495,0.01,0.0,0.505
-3.313361719728854,5,0,500,495,0.01,0.0,0.505
-3.3102694275843376,5,0,500,495,0.01,0.0,0.505
-3.3071771354398214,5,0,500,495,0.01,0.0,0.505
-3.304084843295305,5,0,500,495,0.01,0.0,0.505
-3.300992551150789,5,0,500,495,0.01,0.0,0.505
-3.2979002590062727,5,0,500,495,0.01,0.0,0.505
-3.2948079668617565,5,0,500,495,0.01,0.0,0.505
-3.2917156747172402,5,0,500,495,0.01,0.0,0.505
-3.288623382572724,5,0,500,495,0.01,0.0,0.505
-3.285531090428208,5,0,500,495,0.01,0.0,0.505
-3.2824387982836916,5,0,500,495,0.01,0.0,0.505
-3.2793465061391753,5,0,500,495,0.01,0.0,0.505
-3.276254213994659,5,0,500,495,0.01,0.0,0.505
-3.273161921850143,5,0,500,495,0.01,0.0,0.505
-3.2700696297056266,5,0,500,495,0.01,0.0,0.505
-3.2669773375611104,5,0,500,495,0.01,0.0,0.505
-3.263885045416594,5,0,500,495,0.01,0.0,0.505
-3.260792753272078,5,0,500,495,0.01,0.0,0.505
-3.2577004611275617,5,0,500,495,0.01,0.0,0.505
-3.2546081689830455,5,0,500,495,0.01,0.0,0.505
-3.2515158768385293,5,0,500,495,0.01,0.0,0.505
-3.248423584694013,5,0,500,495,0.01,0.0,0.505
-3.245331292549497,5,0,500,495,0.01,0.0,0.505
-3.2422390004049806,5,0,500,495,0.01,0.0,0.505
-3.2391467082604644,5,0,500,495,0.01,0.0,0.505
-3.236054416115948,5,0,500,495,0.01,0.0,0.505
-3.232962123971432,5,0,500,495,0.01,0.0,0.505
-3.2298698318269157,5,0,500,495,0.01,0.0,0.505
-3.2267775396823994,5,0,500,495,0.01,0.0,0.505
-3.223685247537883,5,0,500,495,0.01,0.0,0.505
-3.220592955393367,5,0,500,495,0.01,0.0,0.505
-3.2175006632488508,5,0,500,495,0.01,0.0,0.505
-3.2144083711043345,5,0,500,495,0.01,0.0,0.505
-3.2113160789598183,5,0,500,495,0.01,0.0,0.505
-3.208223786815302,5,0,500,495,0.01,0.0,0.505
-3.205131494670786,5,0,500,495,0.01,0.0,0.505
-3.2020392025262696,5,0,500,495,0.01,0.0,0.505
-3.1989469103817534,5,0,500,495,0.01,0.0,0.505
-3.195854618237237,5,0,500,495,0.01,0.0,0.505
-3.192762326092721,5,0,500,495,0.01,0.0,0.505
-3.1896700339482047,5,0,500,495,0.01,0.0,0.505
-3.1865777418036885,5,0,500,495,0.01,0.0,0.505
-3.1834854496591722,5,0,500,495,0.01,0.0,0.505
-3.180393157514656,5,0,500,495,0.01,0.0,0.505
-3.17730086537014,5,0,500,495,0.01,0.0,0.505
-3.1742085732256236,5,0,500,495,0.01,0.0,0.505
-3.1711162810811073,5,0,500,495,0.01,0.0,0.505
-3.168023988936591,5,0,500,495,0.01,0.0,0.505
-3.164931696792075,5,0,500,495,0.01,0.0,0.505
-3.1618394046475586,5,0,500,495,0.01,0.0,0.505
-3.1587471125030424,5,0,500,495,0.01,0.0,0.505
-3.155654820358526,5,0,500,495,0.01,0.0,0.505
-3.15256252821401,5,0,500,495,0.01,0.0,0.505
-3.1494702360694937,5,0,500,495,0.01,0.0,0.505
-3.1463779439249775,5,0,500,495,0.01,0.0,0.505
-3.1432856517804613,5,0,500,495,0.01,0.0,0.505
-3.140193359635945,5,0,500,495,0.01,0.0,0.505
-3.137101067491429,5,0,500,495,0.01,0.0,0.505
-3.1340087753469126,5,0,500,495,0.01,0.0,0.505
-3.1309164832023963,5,0,500,495,0.01,0.0,0.505
-3.12782419105788,5,0,500,495,0.01,0.0,0.505
-3.124731898913364,5,0,500,495,0.01,0.0,0.505
-3.1216396067688477,5,0,500,495,0.01,0.0,0.505
-3.1185473146243314,5,0,500,495,0.01,0.0,0.505
-3.115455022479815,5,0,500,495,0.01,0.0,0.505
-3.112362730335299,5,0,500,495,0.01,0.0,0.505
-3.1092704381907827,5,0,500,495,0.01,0.0,0.505
-3.1061781460462665,5,0,500,495,0.01,0.0,0.505
-3.1030858539017503,5,0,500,495,0.01,0.0,0.505
-3.099993561757234,5,0,500,495,0.01,0.0,0.505
-3.096901269612718,5,0,500,495,0.01,0.0,0.505
-3.0938089774682016,5,0,500,495,0.01,0.0,0.505
-3.0907166853236854,5,0,500,495,0.01,0.0,0.505
-3.087624393179169,5,0,500,495,0.01,0.0,0.505
-3.084532101034653,5,0,500,495,0.01,0.0,0.505
-3.0814398088901367,6,0,500,494,0.012,0.0,0.506
-3.0783475167456205,6,0,500,494,0.012,0.0,0.506
-3.0752552246011042,6,0,500,494,0.012,0.0,0.506
-3.072162932456588,6,0,500,494,0.012,0.0,0.506
-3.0690706403120718,6,0,500,494,0.012,0.0,0.506
-3.0659783481675555,7,0,500,493,0.014,0.0,0.507
-3.0628860560230393,7,0,500,493,0.014,0.0,0.507
-3.059793763878523,7,0,500,493,0.014,0.0,0.507
-3.056701471734007,7,0,500,493,0.014,0.0,0.507
-3.0536091795894906,7,0,500,493,0.014,0.0,0.507
-3.0505168874449744,7,0,500,493,0.014,0.0,0.507
-3.047424595300458,7,0,500,493,0.014,0.0,0.507
-3.044332303155942,7,0,500,493,0.014,0.0,0.507
-3.0412400110114257,7,0,500,493,0.014,0.0,0.507
-3.0381477188669095,7,0,500,493,0.014,0.0,0.507
-3.0350554267223933,7,0,500,493,0.014,0.0,0.507
-3.031963134577877,7,0,500,493,0.014,0.0,0.507
-3.028870842433361,7,0,500,493,0.014,0.0,0.507
-3.0257785502888446,7,0,500,493,0.014,0.0,0.507
-3.0226862581443283,7,0,500,493,0.014,0.0,0.507
-3.019593965999812,7,0,500,493,0.014,0.0,0.507
-3.016501673855296,7,0,500,493,0.014,0.0,0.507
-3.0134093817107797,7,0,500,493,0.014,0.0,0.507
-3.0103170895662634,7,0,500,493,0.014,0.0,0.507
-3.007224797421747,7,0,500,493,0.014,0.0,0.507
-3.004132505277231,7,0,500,493,0.014,0.0,0.507
-3.0010402131327147,7,0,500,493,0.014,0.0,0.507
-2.9979479209881985,7,0,500,493,0.014,0.0,0.507
-2.9948556288436823,7,0,500,493,0.014,0.0,0.507
-2.991763336699166,7,0,500,493,0.014,0.0,0.507
-2.98867104455465,7,0,500,493,0.014,0.0,0.507
-2.9855787524101336,7,0,500,493,0.014,0.0,0.507
-2.9824864602656174,7,0,500,493,0.014,0.0,0.507
-2.979394168121101,7,0,500,493,0.014,0.0,0.507
-2.976301875976585,7,0,500,493,0.014,0.0,0.507
-2.9732095838320687,7,0,500,493,0.014,0.0,0.507
-2.9701172916875525,7,0,500,493,0.014,0.0,0.507
-2.9670249995430362,7,0,500,493,0.014,0.0,0.507
-2.96393270739852,7,0,500,493,0.014,0.0,0.507
-2.9608404152540038,7,0,500,493,0.014,0.0,0.507
-2.9577481231094875,7,0,500,493,0.014,0.0,0.507
-2.9546558309649713,7,0,500,493,0.014,0.0,0.507
-2.951563538820455,7,0,500,493,0.014,0.0,0.507
-2.948471246675939,7,0,500,493,0.014,0.0,0.507
-2.9453789545314226,7,0,500,493,0.014,0.0,0.507
-2.9422866623869064,7,0,500,493,0.014,0.0,0.507
-2.93919437024239,7,0,500,493,0.014,0.0,0.507
-2.936102078097874,7,0,500,493,0.014,0.0,0.507
-2.9330097859533577,7,0,500,493,0.014,0.0,0.507
-2.9299174938088415,7,0,500,493,0.014,0.0,0.507
-2.9268252016643252,7,0,500,493,0.014,0.0,0.507
-2.923732909519809,7,0,500,493,0.014,0.0,0.507
-2.920640617375293,7,0,500,493,0.014,0.0,0.507
-2.9175483252307766,7,0,500,493,0.014,0.0,0.507
-2.9144560330862603,7,0,500,493,0.014,0.0,0.507
-2.911363740941744,7,0,500,493,0.014,0.0,0.507
-2.908271448797228,7,0,500,493,0.014,0.0,0.507
-2.9051791566527116,7,0,500,493,0.014,0.0,0.507
-2.9020868645081954,7,0,500,493,0.014,0.0,0.507
-2.898994572363679,7,0,500,493,0.014,0.0,0.507
-2.895902280219163,7,0,500,493,0.014,0.0,0.507
-2.8928099880746467,7,0,500,493,0.014,0.0,0.507
-2.8897176959301305,7,0,500,493,0.014,0.0,0.507
-2.8866254037856143,7,0,500,493,0.014,0.0,0.507
-2.883533111641098,7,0,500,493,0.014,0.0,0.507
-2.880440819496582,7,0,500,493,0.014,0.0,0.507
-2.8773485273520656,7,0,500,493,0.014,0.0,0.507
-2.8742562352075494,7,0,500,493,0.014,0.0,0.507
-2.871163943063033,7,0,500,493,0.014,0.0,0.507
-2.868071650918517,7,0,500,493,0.014,0.0,0.507
-2.8649793587740007,7,0,500,493,0.014,0.0,0.507
-2.8618870666294844,7,0,500,493,0.014,0.0,0.507
-2.858794774484968,7,0,500,493,0.014,0.0,0.507
-2.855702482340452,7,0,500,493,0.014,0.0,0.507
-2.8526101901959358,7,0,500,493,0.014,0.0,0.507
-2.8495178980514195,7,0,500,493,0.014,0.0,0.507
-2.8464256059069033,7,0,500,493,0.014,0.0,0.507
-2.843333313762387,7,0,500,493,0.014,0.0,0.507
-2.840241021617871,7,0,500,493,0.014,0.0,0.507
-2.8371487294733546,7,0,500,493,0.014,0.0,0.507
-2.8340564373288384,7,0,500,493,0.014,0.0,0.507
-2.830964145184322,7,0,500,493,0.014,0.0,0.507
-2.827871853039806,7,0,500,493,0.014,0.0,0.507
-2.8247795608952897,7,0,500,493,0.014,0.0,0.507
-2.8216872687507735,7,0,500,493,0.014,0.0,0.507
-2.8185949766062572,7,0,500,493,0.014,0.0,0.507
-2.815502684461741,7,0,500,493,0.014,0.0,0.507
-2.812410392317225,7,0,500,493,0.014,0.0,0.507
-2.8093181001727086,7,0,500,493,0.014,0.0,0.507
-2.8062258080281923,7,0,500,493,0.014,0.0,0.507
-2.803133515883676,8,0,500,492,0.016,0.0,0.508
-2.80004122373916,8,0,500,492,0.016,0.0,0.508
-2.7969489315946436,8,0,500,492,0.016,0.0,0.508
-2.7938566394501274,8,0,500,492,0.016,0.0,0.508
-2.790764347305611,8,0,500,492,0.016,0.0,0.508
-2.787672055161095,8,0,500,492,0.016,0.0,0.508
-2.7845797630165787,8,0,500,492,0.016,0.0,0.508
-2.7814874708720625,8,0,500,492,0.016,0.0,0.508
-2.7783951787275463,8,0,500,492,0.016,0.0,0.508
-2.77530288658303,8,0,500,492,0.016,0.0,0.508
-2.772210594438514,8,0,500,492,0.016,0.0,0.508
-2.7691183022939976,8,0,500,492,0.016,0.0,0.508
-2.7660260101494814,8,0,500,492,0.016,0.0,0.508
-2.762933718004965,8,0,500,492,0.016,0.0,0.508
-2.759841425860449,8,0,500,492,0.016,0.0,0.508
-2.7567491337159327,8,0,500,492,0.016,0.0,0.508
-2.7536568415714164,8,0,500,492,0.016,0.0,0.508
-2.7505645494269,8,0,500,492,0.016,0.0,0.508
-2.747472257282384,8,0,500,492,0.016,0.0,0.508
-2.7443799651378677,8,0,500,492,0.016,0.0,0.508
-2.7412876729933515,8,0,500,492,0.016,0.0,0.508
-2.7381953808488353,8,0,500,492,0.016,0.0,0.508
-2.735103088704319,8,0,500,492,0.016,0.0,0.508
-2.732010796559803,8,0,500,492,0.016,0.0,0.508
-2.7289185044152866,8,0,500,492,0.016,0.0,0.508
-2.7258262122707704,8,0,500,492,0.016,0.0,0.508
-2.722733920126254,9,0,500,491,0.018,0.0,0.509
-2.719641627981738,9,0,500,491,0.018,0.0,0.509
-2.7165493358372217,9,0,500,491,0.018,0.0,0.509
-2.7134570436927055,9,0,500,491,0.018,0.0,0.509
-2.7103647515481892,9,0,500,491,0.018,0.0,0.509
-2.707272459403673,9,0,500,491,0.018,0.0,0.509
-2.7041801672591568,9,0,500,491,0.018,0.0,0.509
-2.7010878751146405,9,0,500,491,0.018,0.0,0.509
-2.6979955829701243,9,0,500,491,0.018,0.0,0.509
-2.694903290825608,9,0,500,491,0.018,0.0,0.509
-2.691810998681092,9,0,500,491,0.018,0.0,0.509
-2.6887187065365756,9,0,500,491,0.018,0.0,0.509
-2.6856264143920594,9,0,500,491,0.018,0.0,0.509
-2.682534122247543,9,0,500,491,0.018,0.0,0.509
-2.679441830103027,9,0,500,491,0.018,0.0,0.509
-2.6763495379585107,9,0,500,491,0.018,0.0,0.509
-2.6732572458139945,9,0,500,491,0.018,0.0,0.509
-2.6701649536694783,9,0,500,491,0.018,0.0,0.509
-2.667072661524962,9,0,500,491,0.018,0.0,0.509
-2.663980369380446,9,0,500,491,0.018,0.0,0.509
-2.6608880772359296,9,0,500,491,0.018,0.0,0.509
-2.6577957850914133,9,0,500,491,0.018,0.0,0.509
-2.654703492946897,9,0,500,491,0.018,0.0,0.509
-2.651611200802381,9,0,500,491,0.018,0.0,0.509
-2.6485189086578647,9,0,500,491,0.018,0.0,0.509
-2.6454266165133484,9,0,500,491,0.018,0.0,0.509
-2.642334324368832,9,0,500,491,0.018,0.0,0.509
-2.639242032224316,9,0,500,491,0.018,0.0,0.509
-2.6361497400797997,9,0,500,491,0.018,0.0,0.509
-2.6330574479352835,9,0,500,491,0.018,0.0,0.509
-2.6299651557907673,10,0,500,490,0.02,0.0,0.51
-2.626872863646251,10,0,500,490,0.02,0.0,0.51
-2.623780571501735,10,0,500,490,0.02,0.0,0.51
-2.6206882793572186,10,0,500,490,0.02,0.0,0.51
-2.6175959872127024,10,0,500,490,0.02,0.0,0.51
-2.614503695068186,10,0,500,490,0.02,0.0,0.51
-2.61141140292367,10,0,500,490,0.02,0.0,0.51
-2.6083191107791537,10,0,500,490,0.02,0.0,0.51
-2.6052268186346375,10,0,500,490,0.02,0.0,0.51
-2.6021345264901212,10,0,500,490,0.02,0.0,0.51
-2.599042234345605,10,0,500,490,0.02,0.0,0.51
-2.5959499422010888,10,0,500,490,0.02,0.0,0.51
-2.5928576500565725,10,0,500,490,0.02,0.0,0.51
-2.5897653579120563,10,0,500,490,0.02,0.0,0.51
-2.58667306576754,10,0,500,490,0.02,0.0,0.51
-2.583580773623024,10,0,500,490,0.02,0.0,0.51
-2.5804884814785076,10,0,500,490,0.02,0.0,0.51
-2.5773961893339914,10,0,500,490,0.02,0.0,0.51
-2.574303897189475,10,0,500,490,0.02,0.0,0.51
-2.571211605044959,10,0,500,490,0.02,0.0,0.51
-2.5681193129004427,10,0,500,490,0.02,0.0,0.51
-2.5650270207559265,10,0,500,490,0.02,0.0,0.51
-2.5619347286114103,10,0,500,490,0.02,0.0,0.51
-2.558842436466894,10,0,500,490,0.02,0.0,0.51
-2.555750144322378,10,0,500,490,0.02,0.0,0.51
-2.5526578521778616,10,0,500,490,0.02,0.0,0.51
-2.5495655600333453,10,0,500,490,0.02,0.0,0.51
-2.546473267888829,10,0,500,490,0.02,0.0,0.51
-2.543380975744313,10,0,500,490,0.02,0.0,0.51
-2.5402886835997966,10,0,500,490,0.02,0.0,0.51
-2.5371963914552804,10,0,500,490,0.02,0.0,0.51
-2.534104099310764,10,0,500,490,0.02,0.0,0.51
-2.531011807166248,11,0,500,489,0.022,0.0,0.511
-2.5279195150217317,11,0,500,489,0.022,0.0,0.511
-2.5248272228772155,11,0,500,489,0.022,0.0,0.511
-2.5217349307326993,11,0,500,489,0.022,0.0,0.511
-2.518642638588183,11,0,500,489,0.022,0.0,0.511
-2.515550346443667,11,0,500,489,0.022,0.0,0.511
-2.5124580542991506,11,0,500,489,0.022,0.0,0.511
-2.5093657621546344,11,0,500,489,0.022,0.0,0.511
-2.506273470010118,11,0,500,489,0.022,0.0,0.511
-2.503181177865602,11,0,500,489,0.022,0.0,0.511
-2.5000888857210857,11,0,500,489,0.022,0.0,0.511
-2.4969965935765694,11,0,500,489,0.022,0.0,0.511
-2.493904301432053,11,0,500,489,0.022,0.0,0.511
-2.490812009287537,11,0,500,489,0.022,0.0,0.511
-2.4877197171430208,11,0,500,489,0.022,0.0,0.511
-2.4846274249985045,11,0,500,489,0.022,0.0,0.511
-2.4815351328539883,11,0,500,489,0.022,0.0,0.511
-2.478442840709472,11,0,500,489,0.022,0.0,0.511
-2.475350548564956,11,0,500,489,0.022,0.0,0.511
-2.4722582564204396,11,0,500,489,0.022,0.0,0.511
-2.4691659642759234,11,0,500,489,0.022,0.0,0.511
-2.466073672131407,11,0,500,489,0.022,0.0,0.511
-2.462981379986891,11,0,500,489,0.022,0.0,0.511
-2.4598890878423747,11,0,500,489,0.022,0.0,0.511
-2.4567967956978585,11,0,500,489,0.022,0.0,0.511
-2.4537045035533422,11,0,500,489,0.022,0.0,0.511
-2.450612211408826,11,0,500,489,0.022,0.0,0.511
-2.44751991926431,11,0,500,489,0.022,0.0,0.511
-2.4444276271197936,11,0,500,489,0.022,0.0,0.511
-2.4413353349752773,11,0,500,489,0.022,0.0,0.511
-2.438243042830761,11,0,500,489,0.022,0.0,0.511
-2.435150750686245,11,0,500,489,0.022,0.0,0.511
-2.4320584585417286,11,0,500,489,0.022,0.0,0.511
-2.4289661663972124,11,0,500,489,0.022,0.0,0.511
-2.425873874252696,11,0,500,489,0.022,0.0,0.511
-2.42278158210818,11,0,500,489,0.022,0.0,0.511
-2.4196892899636637,11,0,500,489,0.022,0.0,0.511
-2.4165969978191475,11,0,500,489,0.022,0.0,0.511
-2.4135047056746313,11,0,500,489,0.022,0.0,0.511
-2.410412413530115,11,0,500,489,0.022,0.0,0.511
-2.407320121385599,11,0,500,489,0.022,0.0,0.511
-2.4042278292410826,11,0,500,489,0.022,0.0,0.511
-2.4011355370965664,11,0,500,489,0.022,0.0,0.511
-2.39804324495205,11,0,500,489,0.022,0.0,0.511
-2.394950952807534,11,0,500,489,0.022,0.0,0.511
-2.3918586606630177,11,0,500,489,0.022,0.0,0.511
-2.3887663685185014,11,0,500,489,0.022,0.0,0.511
-2.385674076373985,11,0,500,489,0.022,0.0,0.511
-2.382581784229469,11,0,500,489,0.022,0.0,0.511
-2.3794894920849528,11,0,500,489,0.022,0.0,0.511
-2.3763971999404365,11,0,500,489,0.022,0.0,0.511
-2.3733049077959203,11,0,500,489,0.022,0.0,0.511
-2.370212615651404,11,0,500,489,0.022,0.0,0.511
-2.367120323506888,11,0,500,489,0.022,0.0,0.511
-2.3640280313623716,11,0,500,489,0.022,0.0,0.511
-2.3609357392178554,12,0,500,488,0.024,0.0,0.512
-2.357843447073339,12,0,500,488,0.024,0.0,0.512
-2.354751154928823,12,0,500,488,0.024,0.0,0.512
-2.3516588627843067,12,0,500,488,0.024,0.0,0.512
-2.3485665706397905,12,0,500,488,0.024,0.0,0.512
-2.3454742784952742,12,0,500,488,0.024,0.0,0.512
-2.342381986350758,12,0,500,488,0.024,0.0,0.512
-2.3392896942062418,13,0,500,487,0.026,0.0,0.513
-2.3361974020617255,13,0,500,487,0.026,0.0,0.513
-2.3331051099172093,13,0,500,487,0.026,0.0,0.513
-2.330012817772693,13,0,500,487,0.026,0.0,0.513
-2.326920525628177,13,0,500,487,0.026,0.0,0.513
-2.3238282334836606,13,0,500,487,0.026,0.0,0.513
-2.3207359413391444,13,0,500,487,0.026,0.0,0.513
-2.317643649194628,13,0,500,487,0.026,0.0,0.513
-2.314551357050112,14,0,500,486,0.028,0.0,0.514
-2.3114590649055957,14,0,500,486,0.028,0.0,0.514
-2.3083667727610795,14,0,500,486,0.028,0.0,0.514
-2.3052744806165633,14,0,500,486,0.028,0.0,0.514
-2.302182188472047,14,0,500,486,0.028,0.0,0.514
-2.299089896327531,14,0,500,486,0.028,0.0,0.514
-2.2959976041830146,14,0,500,486,0.028,0.0,0.514
-2.2929053120384983,14,0,500,486,0.028,0.0,0.514
-2.289813019893982,14,0,500,486,0.028,0.0,0.514
-2.286720727749466,14,0,500,486,0.028,0.0,0.514
-2.2836284356049497,14,0,500,486,0.028,0.0,0.514
-2.2805361434604334,14,0,500,486,0.028,0.0,0.514
-2.277443851315917,14,0,500,486,0.028,0.0,0.514
-2.274351559171401,14,0,500,486,0.028,0.0,0.514
-2.2712592670268847,14,0,500,486,0.028,0.0,0.514
-2.2681669748823685,14,0,500,486,0.028,0.0,0.514
-2.2650746827378523,15,0,500,485,0.03,0.0,0.515
-2.261982390593336,15,0,500,485,0.03,0.0,0.515
-2.25889009844882,15,0,500,485,0.03,0.0,0.515
-2.2557978063043036,15,0,500,485,0.03,0.0,0.515
-2.2527055141597874,15,0,500,485,0.03,0.0,0.515
-2.249613222015271,15,0,500,485,0.03,0.0,0.515
-2.246520929870755,15,0,500,485,0.03,0.0,0.515
-2.2434286377262387,15,0,500,485,0.03,0.0,0.515
-2.2403363455817225,15,0,500,485,0.03,0.0,0.515
-2.2372440534372062,15,0,500,485,0.03,0.0,0.515
-2.23415176129269,15,0,500,485,0.03,0.0,0.515
-2.2310594691481738,15,0,500,485,0.03,0.0,0.515
-2.2279671770036575,15,0,500,485,0.03,0.0,0.515
-2.2248748848591413,15,0,500,485,0.03,0.0,0.515
-2.221782592714625,15,0,500,485,0.03,0.0,0.515
-2.218690300570109,15,0,500,485,0.03,0.0,0.515
-2.2155980084255926,15,0,500,485,0.03,0.0,0.515
-2.2125057162810764,15,0,500,485,0.03,0.0,0.515
-2.20941342413656,15,0,500,485,0.03,0.0,0.515
-2.206321131992044,16,0,500,484,0.032,0.0,0.516
-2.2032288398475277,16,0,500,484,0.032,0.0,0.516
-2.2001365477030115,16,0,500,484,0.032,0.0,0.516
-2.1970442555584953,16,0,500,484,0.032,0.0,0.516
-2.193951963413979,16,0,500,484,0.032,0.0,0.516
-2.190859671269463,16,0,500,484,0.032,0.0,0.516
-2.1877673791249466,16,0,500,484,0.032,0.0,0.516
-2.1846750869804303,16,0,500,484,0.032,0.0,0.516
-2.181582794835914,16,0,500,484,0.032,0.0,0.516
-2.178490502691398,16,0,500,484,0.032,0.0,0.516
-2.1753982105468816,16,0,500,484,0.032,0.0,0.516
-2.1723059184023654,16,0,500,484,0.032,0.0,0.516
-2.169213626257849,16,0,500,484,0.032,0.0,0.516
-2.166121334113333,16,0,500,484,0.032,0.0,0.516
-2.1630290419688167,16,0,500,484,0.032,0.0,0.516
-2.1599367498243005,16,0,500,484,0.032,0.0,0.516
-2.1568444576797843,17,0,500,483,0.034,0.0,0.517
-2.153752165535268,17,0,500,483,0.034,0.0,0.517
-2.150659873390752,17,0,500,483,0.034,0.0,0.517
-2.1475675812462356,17,0,500,483,0.034,0.0,0.517
-2.1444752891017194,17,0,500,483,0.034,0.0,0.517
-2.141382996957203,17,0,500,483,0.034,0.0,0.517
-2.138290704812687,17,0,500,483,0.034,0.0,0.517
-2.1351984126681707,17,0,500,483,0.034,0.0,0.517
-2.1321061205236544,17,0,500,483,0.034,0.0,0.517
-2.129013828379138,17,0,500,483,0.034,0.0,0.517
-2.125921536234622,17,0,500,483,0.034,0.0,0.517
-2.1228292440901058,17,0,500,483,0.034,0.0,0.517
-2.1197369519455895,17,0,500,483,0.034,0.0,0.517
-2.1166446598010733,17,0,500,483,0.034,0.0,0.517
-2.113552367656557,17,0,500,483,0.034,0.0,0.517
-2.110460075512041,17,0,500,483,0.034,0.0,0.517
-2.1073677833675246,17,0,500,483,0.034,0.0,0.517
-2.1042754912230084,17,0,500,483,0.034,0.0,0.517
-2.101183199078492,17,0,500,483,0.034,0.0,0.517
-2.098090906933976,17,0,500,483,0.034,0.0,0.517
-2.0949986147894597,17,0,500,483,0.034,0.0,0.517
-2.0919063226449435,17,0,500,483,0.034,0.0,0.517
-2.0888140305004272,17,0,500,483,0.034,0.0,0.517
-2.085721738355911,17,0,500,483,0.034,0.0,0.517
-2.082629446211395,17,0,500,483,0.034,0.0,0.517
-2.0795371540668786,17,0,500,483,0.034,0.0,0.517
-2.0764448619223623,17,0,500,483,0.034,0.0,0.517
-2.073352569777846,17,0,500,483,0.034,0.0,0.517
-2.07026027763333,17,0,500,483,0.034,0.0,0.517
-2.0671679854888136,17,0,500,483,0.034,0.0,0.517
-2.0640756933442974,17,0,500,483,0.034,0.0,0.517
-2.060983401199781,17,0,500,483,0.034,0.0,0.517
-2.057891109055265,17,0,500,483,0.034,0.0,0.517
-2.0547988169107487,17,0,500,483,0.034,0.0,0.517
-2.0517065247662325,17,0,500,483,0.034,0.0,0.517
-2.0486142326217163,17,0,500,483,0.034,0.0,0.517
-2.0455219404772,17,0,500,483,0.034,0.0,0.517
-2.042429648332684,17,0,500,483,0.034,0.0,0.517
-2.0393373561881676,17,0,500,483,0.034,0.0,0.517
-2.0362450640436514,17,0,500,483,0.034,0.0,0.517
-2.033152771899135,17,0,500,483,0.034,0.0,0.517
-2.030060479754619,17,0,500,483,0.034,0.0,0.517
-2.0269681876101027,18,0,500,482,0.036,0.0,0.518
-2.0238758954655864,18,0,500,482,0.036,0.0,0.518
-2.02078360332107,18,0,500,482,0.036,0.0,0.518
-2.017691311176554,18,0,500,482,0.036,0.0,0.518
-2.0145990190320378,18,0,500,482,0.036,0.0,0.518
-2.0115067268875215,18,0,500,482,0.036,0.0,0.518
-2.0084144347430053,18,0,500,482,0.036,0.0,0.518
-2.005322142598489,18,0,500,482,0.036,0.0,0.518
-2.002229850453973,18,0,500,482,0.036,0.0,0.518
-1.9991375583094566,18,0,500,482,0.036,0.0,0.518
-1.9960452661649404,18,0,500,482,0.036,0.0,0.518
-1.9929529740204242,18,0,500,482,0.036,0.0,0.518
-1.989860681875908,18,0,500,482,0.036,0.0,0.518
-1.9867683897313917,18,0,500,482,0.036,0.0,0.518
-1.9836760975868755,18,0,500,482,0.036,0.0,0.518
-1.9805838054423592,18,0,500,482,0.036,0.0,0.518
-1.977491513297843,18,0,500,482,0.036,0.0,0.518
-1.9743992211533268,18,0,500,482,0.036,0.0,0.518
-1.9713069290088105,18,0,500,482,0.036,0.0,0.518
-1.9682146368642943,18,0,500,482,0.036,0.0,0.518
-1.965122344719778,18,0,500,482,0.036,0.0,0.518
-1.9620300525752619,18,0,500,482,0.036,0.0,0.518
-1.9589377604307456,18,0,500,482,0.036,0.0,0.518
-1.9558454682862294,18,0,500,482,0.036,0.0,0.518
-1.9527531761417132,18,0,500,482,0.036,0.0,0.518
-1.949660883997197,18,0,500,482,0.036,0.0,0.518
-1.9465685918526807,18,0,500,482,0.036,0.0,0.518
-1.9434762997081645,18,0,500,482,0.036,0.0,0.518
-1.9403840075636483,18,0,500,482,0.036,0.0,0.518
-1.937291715419132,18,0,500,482,0.036,0.0,0.518
-1.9341994232746158,18,0,500,482,0.036,0.0,0.518
-1.9311071311300996,18,0,500,482,0.036,0.0,0.518
-1.9280148389855833,18,0,500,482,0.036,0.0,0.518
-1.9249225468410671,18,0,500,482,0.036,0.0,0.518
-1.9218302546965509,18,0,500,482,0.036,0.0,0.518
-1.9187379625520347,18,0,500,482,0.036,0.0,0.518
-1.9156456704075184,18,0,500,482,0.036,0.0,0.518
-1.9125533782630022,19,0,500,481,0.038,0.0,0.519
-1.909461086118486,19,0,500,481,0.038,0.0,0.519
-1.9063687939739697,19,0,500,481,0.038,0.0,0.519
-1.9032765018294535,19,0,500,481,0.038,0.0,0.519
-1.9001842096849373,19,0,500,481,0.038,0.0,0.519
-1.897091917540421,19,0,500,481,0.038,0.0,0.519
-1.8939996253959048,19,0,500,481,0.038,0.0,0.519
-1.8909073332513886,19,0,500,481,0.038,0.0,0.519
-1.8878150411068724,19,0,500,481,0.038,0.0,0.519
-1.8847227489623561,19,0,500,481,0.038,0.0,0.519
-1.88163045681784,19,0,500,481,0.038,0.0,0.519
-1.8785381646733237,19,0,500,481,0.038,0.0,0.519
-1.8754458725288075,19,0,500,481,0.038,0.0,0.519
-1.8723535803842912,19,0,500,481,0.038,0.0,0.519
-1.869261288239775,19,0,500,481,0.038,0.0,0.519
-1.8661689960952588,19,0,500,481,0.038,0.0,0.519
-1.8630767039507425,19,0,500,481,0.038,0.0,0.519
-1.8599844118062263,19,0,500,481,0.038,0.0,0.519
-1.85689211966171,19,0,500,481,0.038,0.0,0.519
-1.8537998275171939,19,0,500,481,0.038,0.0,0.519
-1.8507075353726776,19,0,500,481,0.038,0.0,0.519
-1.8476152432281614,19,0,500,481,0.038,0.0,0.519
-1.8445229510836452,19,0,500,481,0.038,0.0,0.519
-1.841430658939129,19,0,500,481,0.038,0.0,0.519
-1.8383383667946127,19,0,500,481,0.038,0.0,0.519
-1.8352460746500965,19,0,500,481,0.038,0.0,0.519
-1.8321537825055803,19,0,500,481,0.038,0.0,0.519
-1.829061490361064,19,0,500,481,0.038,0.0,0.519
-1.8259691982165478,19,0,500,481,0.038,0.0,0.519
-1.8228769060720316,19,0,500,481,0.038,0.0,0.519
-1.8197846139275153,19,0,500,481,0.038,0.0,0.519
-1.816692321782999,19,0,500,481,0.038,0.0,0.519
-1.8136000296384829,19,0,500,481,0.038,0.0,0.519
-1.8105077374939667,19,0,500,481,0.038,0.0,0.519
-1.8074154453494504,19,0,500,481,0.038,0.0,0.519
-1.8043231532049342,19,0,500,481,0.038,0.0,0.519
-1.801230861060418,19,0,500,481,0.038,0.0,0.519
-1.7981385689159017,19,0,500,481,0.038,0.0,0.519
-1.7950462767713855,19,0,500,481,0.038,0.0,0.519
-1.7919539846268693,19,0,500,481,0.038,0.0,0.519
-1.788861692482353,19,0,500,481,0.038,0.0,0.519
-1.7857694003378368,19,0,500,481,0.038,0.0,0.519
-1.7826771081933206,19,0,500,481,0.038,0.0,0.519
-1.7795848160488044,19,0,500,481,0.038,0.0,0.519
-1.7764925239042881,19,0,500,481,0.038,0.0,0.519
-1.773400231759772,19,0,500,481,0.038,0.0,0.519
-1.7703079396152557,19,0,500,481,0.038,0.0,0.519
-1.7672156474707394,19,0,500,481,0.038,0.0,0.519
-1.7641233553262232,19,0,500,481,0.038,0.0,0.519
-1.761031063181707,19,0,500,481,0.038,0.0,0.519
-1.7579387710371908,19,0,500,481,0.038,0.0,0.519
-1.7548464788926745,19,0,500,481,0.038,0.0,0.519
-1.7517541867481583,19,0,500,481,0.038,0.0,0.519
-1.748661894603642,19,0,500,481,0.038,0.0,0.519
-1.7455696024591258,19,0,500,481,0.038,0.0,0.519
-1.7424773103146096,19,0,500,481,0.038,0.0,0.519
-1.7393850181700934,20,0,500,480,0.04,0.0,0.52
-1.7362927260255772,20,0,500,480,0.04,0.0,0.52
-1.733200433881061,20,0,500,480,0.04,0.0,0.52
-1.7301081417365447,20,0,500,480,0.04,0.0,0.52
-1.7270158495920285,20,0,500,480,0.04,0.0,0.52
-1.7239235574475122,20,0,500,480,0.04,0.0,0.52
-1.720831265302996,20,0,500,480,0.04,0.0,0.52
-1.7177389731584798,20,0,500,480,0.04,0.0,0.52
-1.7146466810139636,20,0,500,480,0.04,0.0,0.52
-1.7115543888694473,20,0,500,480,0.04,0.0,0.52
-1.708462096724931,20,0,500,480,0.04,0.0,0.52
-1.7053698045804149,20,0,500,480,0.04,0.0,0.52
-1.7022775124358986,20,0,500,480,0.04,0.0,0.52
-1.6991852202913824,20,0,500,480,0.04,0.0,0.52
-1.6960929281468662,20,0,500,480,0.04,0.0,0.52
-1.69300063600235,20,0,500,480,0.04,0.0,0.52
-1.6899083438578337,20,0,500,480,0.04,0.0,0.52
-1.6868160517133175,20,0,500,480,0.04,0.0,0.52
-1.6837237595688013,20,0,500,480,0.04,0.0,0.52
-1.680631467424285,20,0,500,480,0.04,0.0,0.52
-1.6775391752797688,20,0,500,480,0.04,0.0,0.52
-1.6744468831352526,20,0,500,480,0.04,0.0,0.52
-1.6713545909907364,20,0,500,480,0.04,0.0,0.52
-1.6682622988462201,20,0,500,480,0.04,0.0,0.52
-1.665170006701704,21,0,500,479,0.042,0.0,0.521
-1.6620777145571877,21,0,500,479,0.042,0.0,0.521
-1.6589854224126714,21,0,500,479,0.042,0.0,0.521
-1.6558931302681552,21,0,500,479,0.042,0.0,0.521
-1.652800838123639,21,0,500,479,0.042,0.0,0.521
-1.6497085459791228,21,0,500,479,0.042,0.0,0.521
-1.6466162538346065,21,0,500,479,0.042,0.0,0.521
-1.6435239616900903,21,0,500,479,0.042,0.0,0.521
-1.640431669545574,21,0,500,479,0.042,0.0,0.521
-1.6373393774010578,21,0,500,479,0.042,0.0,0.521
-1.6342470852565416,21,0,500,479,0.042,0.0,0.521
-1.6311547931120254,21,0,500,479,0.042,0.0,0.521
-1.6280625009675092,21,0,500,479,0.042,0.0,0.521
-1.624970208822993,21,0,500,479,0.042,0.0,0.521
-1.6218779166784767,21,0,500,479,0.042,0.0,0.521
-1.6187856245339605,21,0,500,479,0.042,0.0,0.521
-1.6156933323894442,21,0,500,479,0.042,0.0,0.521
-1.612601040244928,21,0,500,479,0.042,0.0,0.521
-1.6095087481004118,21,0,500,479,0.042,0.0,0.521
-1.6064164559558956,21,0,500,479,0.042,0.0,0.521
-1.6033241638113793,22,0,500,478,0.044,0.0,0.522
-1.600231871666863,22,0,500,478,0.044,0.0,0.522
-1.5971395795223469,22,0,500,478,0.044,0.0,0.522
-1.5940472873778306,23,0,500,477,0.046,0.0,0.523
-1.5909549952333144,23,0,500,477,0.046,0.0,0.523
-1.5878627030887982,23,0,500,477,0.046,0.0,0.523
-1.584770410944282,23,0,500,477,0.046,0.0,0.523
-1.5816781187997657,23,0,500,477,0.046,0.0,0.523
-1.5785858266552495,23,0,500,477,0.046,0.0,0.523
-1.5754935345107333,23,0,500,477,0.046,0.0,0.523
-1.572401242366217,23,0,500,477,0.046,0.0,0.523
-1.5693089502217008,23,0,500,477,0.046,0.0,0.523
-1.5662166580771846,23,0,500,477,0.046,0.0,0.523
-1.5631243659326683,23,0,500,477,0.046,0.0,0.523
-1.5600320737881521,24,0,500,476,0.048,0.0,0.524
-1.556939781643636,24,0,500,476,0.048,0.0,0.524
-1.5538474894991197,24,0,500,476,0.048,0.0,0.524
-1.5507551973546034,24,0,500,476,0.048,0.0,0.524
-1.5476629052100872,25,0,500,475,0.05,0.0,0.525
-1.544570613065571,25,0,500,475,0.05,0.0,0.525
-1.5414783209210547,25,0,500,475,0.05,0.0,0.525
-1.5383860287765385,25,0,500,475,0.05,0.0,0.525
-1.5352937366320223,25,0,500,475,0.05,0.0,0.525
-1.532201444487506,25,0,500,475,0.05,0.0,0.525
-1.5291091523429898,25,0,500,475,0.05,0.0,0.525
-1.5260168601984736,25,0,500,475,0.05,0.0,0.525
-1.5229245680539574,25,0,500,475,0.05,0.0,0.525
-1.5198322759094411,25,0,500,475,0.05,0.0,0.525
-1.516739983764925,25,0,500,475,0.05,0.0,0.525
-1.5136476916204087,25,0,500,475,0.05,0.0,0.525
-1.5105553994758925,25,0,500,475,0.05,0.0,0.525
-1.5074631073313762,25,0,500,475,0.05,0.0,0.525
-1.50437081518686,25,0,500,475,0.05,0.0,0.525
-1.5012785230423438,26,0,500,474,0.052,0.0,0.526
-1.4981862308978275,26,0,500,474,0.052,0.0,0.526
-1.4950939387533113,26,0,500,474,0.052,0.0,0.526
-1.492001646608795,26,0,500,474,0.052,0.0,0.526
-1.4889093544642789,26,0,500,474,0.052,0.0,0.526
-1.4858170623197626,26,0,500,474,0.052,0.0,0.526
-1.4827247701752464,26,0,500,474,0.052,0.0,0.526
-1.4796324780307302,26,0,500,474,0.052,0.0,0.526
-1.476540185886214,27,0,500,473,0.054,0.0,0.527
-1.4734478937416977,28,0,500,472,0.056,0.0,0.528
-1.4703556015971815,28,0,500,472,0.056,0.0,0.528
-1.4672633094526653,28,0,500,472,0.056,0.0,0.528
-1.464171017308149,28,0,500,472,0.056,0.0,0.528
-1.4610787251636328,28,0,500,472,0.056,0.0,0.528
-1.4579864330191166,28,0,500,472,0.056,0.0,0.528
-1.4548941408746003,29,0,500,471,0.058,0.0,0.529
-1.451801848730084,29,0,500,471,0.058,0.0,0.529
-1.4487095565855679,30,0,500,470,0.06,0.0,0.53
-1.4456172644410517,30,0,500,470,0.06,0.0,0.53
-1.4425249722965354,30,0,500,470,0.06,0.0,0.53
-1.4394326801520192,30,0,500,470,0.06,0.0,0.53
-1.436340388007503,30,0,500,470,0.06,0.0,0.53
-1.4332480958629867,30,0,500,470,0.06,0.0,0.53
-1.4301558037184705,30,0,500,470,0.06,0.0,0.53
-1.4270635115739543,30,0,500,470,0.06,0.0,0.53
-1.423971219429438,30,0,500,470,0.06,0.0,0.53
-1.4208789272849218,30,0,500,470,0.06,0.0,0.53
-1.4177866351404056,30,0,500,470,0.06,0.0,0.53
-1.4146943429958894,31,0,500,469,0.062,0.0,0.531
-1.4116020508513731,31,0,500,469,0.062,0.0,0.531
-1.408509758706857,31,0,500,469,0.062,0.0,0.531
-1.4054174665623407,31,0,500,469,0.062,0.0,0.531
-1.4023251744178244,31,0,500,469,0.062,0.0,0.531
-1.3992328822733082,31,0,500,469,0.062,0.0,0.531
-1.396140590128792,31,0,500,469,0.062,0.0,0.531
-1.3930482979842758,31,0,500,469,0.062,0.0,0.531
-1.3899560058397595,31,0,500,469,0.062,0.0,0.531
-1.3868637136952433,31,0,500,469,0.062,0.0,0.531
-1.383771421550727,31,0,500,469,0.062,0.0,0.531
-1.3806791294062108,31,0,500,469,0.062,0.0,0.531
-1.3775868372616946,31,0,500,469,0.062,0.0,0.531
-1.3744945451171784,31,0,500,469,0.062,0.0,0.531
-1.3714022529726622,32,0,500,468,0.064,0.0,0.532
-1.368309960828146,32,0,500,468,0.064,0.0,0.532
-1.3652176686836297,33,0,500,467,0.066,0.0,0.533
-1.3621253765391135,33,0,500,467,0.066,0.0,0.533
-1.3590330843945972,33,0,500,467,0.066,0.0,0.533
-1.355940792250081,33,0,500,467,0.066,0.0,0.533
-1.3528485001055648,33,0,500,467,0.066,0.0,0.533
-1.3497562079610486,33,0,500,467,0.066,0.0,0.533
-1.3466639158165323,33,0,500,467,0.066,0.0,0.533
-1.343571623672016,33,0,500,467,0.066,0.0,0.533
-1.3404793315274999,33,0,500,467,0.066,0.0,0.533
-1.3373870393829836,35,0,500,465,0.07,0.0,0.535
-1.3342947472384674,36,0,500,464,0.072,0.0,0.536
-1.3312024550939512,36,0,500,464,0.072,0.0,0.536
-1.328110162949435,36,0,500,464,0.072,0.0,0.536
-1.3250178708049187,36,0,500,464,0.072,0.0,0.536
-1.3219255786604025,37,0,500,463,0.074,0.0,0.537
-1.3188332865158863,38,0,500,462,0.076,0.0,0.538
-1.31574099437137,39,0,500,461,0.078,0.0,0.539
-1.3126487022268538,41,0,500,459,0.082,0.0,0.541
-1.3095564100823376,41,0,500,459,0.082,0.0,0.541
-1.3064641179378214,41,0,500,459,0.082,0.0,0.541
-1.3033718257933051,41,0,500,459,0.082,0.0,0.541
-1.300279533648789,41,0,500,459,0.082,0.0,0.541
-1.2971872415042727,41,0,500,459,0.082,0.0,0.541
-1.2940949493597564,41,0,500,459,0.082,0.0,0.541
-1.2910026572152402,41,0,500,459,0.082,0.0,0.541
-1.287910365070724,41,0,500,459,0.082,0.0,0.541
-1.2848180729262078,41,0,500,459,0.082,0.0,0.541
-1.2817257807816915,41,0,500,459,0.082,0.0,0.541
-1.2786334886371753,41,0,500,459,0.082,0.0,0.541
-1.275541196492659,41,0,500,459,0.082,0.0,0.541
-1.2724489043481428,42,0,500,458,0.084,0.0,0.542
-1.2693566122036266,42,0,500,458,0.084,0.0,0.542
-1.2662643200591104,42,0,500,458,0.084,0.0,0.542
-1.2631720279145942,42,0,500,458,0.084,0.0,0.542
-1.260079735770078,42,0,500,458,0.084,0.0,0.542
-1.2569874436255617,43,0,500,457,0.086,0.0,0.543
-1.2538951514810455,44,0,500,456,0.088,0.0,0.544
-1.2508028593365292,44,0,500,456,0.088,0.0,0.544
-1.247710567192013,44,0,500,456,0.088,0.0,0.544
-1.2446182750474968,44,0,500,456,0.088,0.0,0.544
-1.2415259829029806,44,0,500,456,0.088,0.0,0.544
-1.2384336907584643,44,0,500,456,0.088,0.0,0.544
-1.235341398613948,44,0,500,456,0.088,0.0,0.544
-1.2322491064694319,45,0,500,455,0.09,0.0,0.545
-1.2291568143249156,45,0,500,455,0.09,0.0,0.545
-1.2260645221803994,46,0,500,454,0.092,0.0,0.546
-1.2229722300358832,46,0,500,454,0.092,0.0,0.546
-1.219879937891367,46,0,500,454,0.092,0.0,0.546
-1.2167876457468507,47,0,500,453,0.094,0.0,0.547
-1.2136953536023345,47,0,500,453,0.094,0.0,0.547
-1.2106030614578183,47,0,500,453,0.094,0.0,0.547
-1.207510769313302,48,0,500,452,0.096,0.0,0.548
-1.2044184771687858,48,0,500,452,0.096,0.0,0.548
-1.2013261850242696,49,0,500,451,0.098,0.0,0.549
-1.1982338928797533,49,0,500,451,0.098,0.0,0.549
-1.1951416007352371,49,0,500,451,0.098,0.0,0.549
-1.192049308590721,49,0,500,451,0.098,0.0,0.549
-1.1889570164462047,52,0,500,448,0.104,0.0,0.552
-1.1858647243016884,52,0,500,448,0.104,0.0,0.552
-1.1827724321571722,52,0,500,448,0.104,0.0,0.552
-1.179680140012656,52,0,500,448,0.104,0.0,0.552
-1.1765878478681397,53,0,500,447,0.106,0.0,0.553
-1.1734955557236235,53,0,500,447,0.106,0.0,0.553
-1.1704032635791073,53,0,500,447,0.106,0.0,0.553
-1.167310971434591,54,0,500,446,0.108,0.0,0.554
-1.1642186792900748,54,0,500,446,0.108,0.0,0.554
-1.1611263871455586,54,0,500,446,0.108,0.0,0.554
-1.1580340950010424,55,0,500,445,0.11,0.0,0.555
-1.1549418028565261,55,0,500,445,0.11,0.0,0.555
-1.15184951071201,56,0,500,444,0.112,0.0,0.556
-1.1487572185674937,56,0,500,444,0.112,0.0,0.556
-1.1456649264229775,56,0,500,444,0.112,0.0,0.556
-1.1425726342784612,56,0,500,444,0.112,0.0,0.556
-1.139480342133945,57,0,500,443,0.114,0.0,0.557
-1.1363880499894288,57,0,500,443,0.114,0.0,0.557
-1.1332957578449125,58,0,500,442,0.116,0.0,0.558
-1.1302034657003963,58,0,500,442,0.116,0.0,0.558
-1.12711117355588,58,0,500,442,0.116,0.0,0.558
-1.1240188814113639,58,0,500,442,0.116,0.0,0.558
-1.1209265892668476,58,0,500,442,0.116,0.0,0.558
-1.1178342971223314,58,0,500,442,0.116,0.0,0.558
-1.1147420049778152,58,0,500,442,0.116,0.0,0.558
-1.111649712833299,60,0,500,440,0.12,0.0,0.56
-1.1085574206887827,60,0,500,440,0.12,0.0,0.56
-1.1054651285442665,61,0,500,439,0.122,0.0,0.561
-1.1023728363997503,62,0,500,438,0.124,0.0,0.562
-1.099280544255234,62,0,500,438,0.124,0.0,0.562
-1.0961882521107178,62,0,500,438,0.124,0.0,0.562
-1.0930959599662016,62,0,500,438,0.124,0.0,0.562
-1.0900036678216853,62,0,500,438,0.124,0.0,0.562
-1.0869113756771691,63,0,500,437,0.126,0.0,0.563
-1.0838190835326529,64,0,500,436,0.128,0.0,0.564
-1.0807267913881367,64,0,500,436,0.128,0.0,0.564
-1.0776344992436204,64,0,500,436,0.128,0.0,0.564
-1.0745422070991042,64,0,500,436,0.128,0.0,0.564
-1.071449914954588,64,0,500,436,0.128,0.0,0.564
-1.0683576228100717,65,0,500,435,0.13,0.0,0.565
-1.0652653306655555,66,0,500,434,0.132,0.0,0.566
-1.0621730385210393,67,0,500,433,0.134,0.0,0.567
-1.059080746376523,67,0,500,433,0.134,0.0,0.567
-1.0559884542320068,67,0,500,433,0.134,0.0,0.567
-1.0528961620874906,67,0,500,433,0.134,0.0,0.567
-1.0498038699429744,67,0,500,433,0.134,0.0,0.567
-1.0467115777984581,68,0,500,432,0.136,0.0,0.568
-1.043619285653942,68,0,500,432,0.136,0.0,0.568
-1.0405269935094257,68,0,500,432,0.136,0.0,0.568
-1.0374347013649095,68,0,500,432,0.136,0.0,0.568
-1.0343424092203932,71,0,500,429,0.142,0.0,0.571
-1.031250117075877,71,0,500,429,0.142,0.0,0.571
-1.0281578249313608,71,0,500,429,0.142,0.0,0.571
-1.0250655327868445,72,0,500,428,0.144,0.0,0.572
-1.0219732406423283,73,0,500,427,0.146,0.0,0.573
-1.018880948497812,74,0,500,426,0.148,0.0,0.574
-1.0157886563532958,77,0,500,423,0.154,0.0,0.577
-1.0126963642087796,77,0,500,423,0.154,0.0,0.577
-1.0096040720642634,79,0,500,421,0.158,0.0,0.579
-1.0065117799197472,79,0,500,421,0.158,0.0,0.579
-1.003419487775231,79,0,500,421,0.158,0.0,0.579
-1.0003271956307147,79,0,500,421,0.158,0.0,0.579
-0.9972349034861985,81,0,500,419,0.162,0.0,0.581
-0.9941426113416822,82,0,500,418,0.164,0.0,0.582
-0.991050319197166,82,0,500,418,0.164,0.0,0.582
-0.9879580270526498,83,0,500,417,0.166,0.0,0.583
-0.9848657349081336,84,0,500,416,0.168,0.0,0.584
-0.9817734427636173,84,0,500,416,0.168,0.0,0.584
-0.9786811506191011,85,0,500,415,0.17,0.0,0.585
-0.9755888584745849,85,0,500,415,0.17,0.0,0.585
-0.9724965663300686,87,0,500,413,0.174,0.0,0.587
-0.9694042741855524,87,0,500,413,0.174,0.0,0.587
-0.9663119820410362,87,0,500,413,0.174,0.0,0.587
-0.96321968989652,87,0,500,413,0.174,0.0,0.587
-0.9601273977520037,88,0,500,412,0.176,0.0,0.588
-0.9570351056074875,89,0,500,411,0.178,0.0,0.589
-0.9539428134629713,89,0,500,411,0.178,0.0,0.589
-0.950850521318455,91,0,500,409,0.182,0.0,0.591
-0.9477582291739388,91,0,500,409,0.182,0.0,0.591
-0.9446659370294226,92,0,500,408,0.184,0.0,0.592
-0.9415736448849064,92,0,500,408,0.184,0.0,0.592
-0.9384813527403901,93,0,500,407,0.186,0.0,0.593
-0.9353890605958739,93,0,500,407,0.186,0.0,0.593
-0.9322967684513577,93,0,500,407,0.186,0.0,0.593
-0.9292044763068414,94,0,500,406,0.188,0.0,0.594
-0.9261121841623252,95,0,500,405,0.19,0.0,0.595
-0.923019892017809,95,0,500,405,0.19,0.0,0.595
-0.9199275998732928,97,0,500,403,0.194,0.0,0.597
-0.9168353077287765,98,0,500,402,0.196,0.0,0.598
-0.9137430155842603,98,0,500,402,0.196,0.0,0.598
-0.9106507234397441,99,0,500,401,0.198,0.0,0.599
-0.9075584312952278,101,0,500,399,0.202,0.0,0.601
-0.9044661391507116,101,0,500,399,0.202,0.0,0.601
-0.9013738470061954,101,0,500,399,0.202,0.0,0.601
-0.8982815548616792,101,0,500,399,0.202,0.0,0.601
-0.8951892627171629,101,0,500,399,0.202,0.0,0.601
-0.8920969705726467,101,0,500,399,0.202,0.0,0.601
-0.8890046784281305,102,0,500,398,0.204,0.0,0.602
-0.8859123862836142,102,0,500,398,0.204,0.0,0.602
-0.882820094139098,104,0,500,396,0.208,0.0,0.604
-0.8797278019945818,105,0,500,395,0.21,0.0,0.605
-0.8766355098500656,107,0,500,393,0.214,0.0,0.607
-0.8735432177055493,107,0,500,393,0.214,0.0,0.607
-0.8704509255610331,109,0,500,391,0.218,0.0,0.609
-0.8673586334165169,110,0,500,390,0.22,0.0,0.61
-0.8642663412720006,111,0,500,389,0.222,0.0,0.611
-0.8611740491274844,112,0,500,388,0.224,0.0,0.612
-0.8580817569829682,113,0,500,387,0.226,0.0,0.613
-0.854989464838452,114,0,500,386,0.228,0.0,0.614
-0.8518971726939357,114,0,500,386,0.228,0.0,0.614
-0.8488048805494195,115,0,500,385,0.23,0.0,0.615
-0.8457125884049033,115,0,500,385,0.23,0.0,0.615
-0.842620296260387,117,0,500,383,0.234,0.0,0.617
-0.8395280041158708,117,0,500,383,0.234,0.0,0.617
-0.8364357119713546,118,0,500,382,0.236,0.0,0.618
-0.8333434198268383,120,0,500,380,0.24,0.0,0.62
-0.8302511276823221,122,0,500,378,0.244,0.0,0.622
-0.8271588355378059,122,0,500,378,0.244,0.0,0.622
-0.8240665433932897,126,0,500,374,0.252,0.0,0.626
-0.8209742512487734,128,0,500,372,0.256,0.0,0.628
-0.8178819591042572,128,0,500,372,0.256,0.0,0.628
-0.814789666959741,129,0,500,371,0.258,0.0,0.629
-0.8116973748152247,130,0,500,370,0.26,0.0,0.63
-0.8086050826707085,133,0,500,367,0.266,0.0,0.633
-0.8055127905261923,135,0,500,365,0.27,0.0,0.635
-0.8024204983816761,136,0,500,364,0.272,0.0,0.636
-0.7993282062371598,138,0,500,362,0.276,0.0,0.638
-0.7962359140926436,139,0,500,361,0.278,0.0,0.639
-0.7931436219481274,140,0,500,360,0.28,0.0,0.64
-0.7900513298036111,141,0,500,359,0.282,0.0,0.641
-0.7869590376590949,142,0,500,358,0.284,0.0,0.642
-0.7838667455145787,143,0,500,357,0.286,0.0,0.643
-0.7807744533700625,144,0,500,356,0.288,0.0,0.644
-0.7776821612255462,145,0,500,355,0.29,0.0,0.645
-0.77458986908103,145,0,500,355,0.29,0.0,0.645
-0.7714975769365138,149,0,500,351,0.298,0.0,0.649
-0.7684052847919975,150,0,500,350,0.3,0.0,0.65
-0.7653129926474813,150,0,500,350,0.3,0.0,0.65
-0.7622207005029651,150,0,500,350,0.3,0.0,0.65
-0.7591284083584489,151,0,500,349,0.302,0.0,0.651
-0.7560361162139326,153,0,500,347,0.306,0.0,0.653
-0.7529438240694164,157,0,500,343,0.314,0.0,0.657
-0.7498515319249002,157,0,500,343,0.314,0.0,0.657
-0.7467592397803839,159,0,500,341,0.318,0.0,0.659
-0.7436669476358677,159,0,500,341,0.318,0.0,0.659
-0.7405746554913515,160,0,500,340,0.32,0.0,0.66
-0.7374823633468353,160,0,500,340,0.32,0.0,0.66
-0.734390071202319,161,0,500,339,0.322,0.0,0.661
-0.7312977790578028,162,0,500,338,0.324,0.0,0.662
-0.7282054869132866,164,1,499,336,0.328,0.002,0.663
-0.7251131947687703,165,1,499,335,0.33,0.002,0.664
-0.7220209026242541,168,1,499,332,0.336,0.002,0.667
-0.7189286104797379,169,1,499,331,0.338,0.002,0.668
-0.7158363183352217,170,1,499,330,0.34,0.002,0.669
-0.7127440261907054,170,1,499,330,0.34,0.002,0.669
-0.7096517340461892,170,1,499,330,0.34,0.002,0.669
-0.706559441901673,171,1,499,329,0.342,0.002,0.67
-0.7034671497571567,171,1,499,329,0.342,0.002,0.67
-0.7003748576126405,171,1,499,329,0.342,0.002,0.67
-0.6972825654681243,171,1,499,329,0.342,0.002,0.67
-0.694190273323608,171,1,499,329,0.342,0.002,0.67
-0.6910979811790918,173,1,499,327,0.346,0.002,0.672
-0.6880056890345756,175,1,499,325,0.35,0.002,0.674
-0.6849133968900594,177,1,499,323,0.354,0.002,0.676
-0.6818211047455431,178,1,499,322,0.356,0.002,0.677
-0.6787288126010269,178,1,499,322,0.356,0.002,0.677
-0.6756365204565107,180,1,499,320,0.36,0.002,0.679
-0.6725442283119945,181,1,499,319,0.362,0.002,0.68
-0.6694519361674782,181,1,499,319,0.362,0.002,0.68
-0.666359644022962,181,1,499,319,0.362,0.002,0.68
-0.6632673518784458,183,1,499,317,0.366,0.002,0.682
-0.6601750597339295,183,1,499,317,0.366,0.002,0.682
-0.6570827675894133,183,1,499,317,0.366,0.002,0.682
-0.6539904754448971,185,1,499,315,0.37,0.002,0.684
-0.6508981833003809,187,1,499,313,0.374,0.002,0.686
-0.6478058911558646,188,1,499,312,0.376,0.002,0.687
-0.6447135990113484,188,1,499,312,0.376,0.002,0.687
-0.6416213068668322,188,1,499,312,0.376,0.002,0.687
-0.6385290147223159,191,1,499,309,0.382,0.002,0.69
-0.6354367225777997,191,1,499,309,0.382,0.002,0.69
-0.6323444304332835,192,1,499,308,0.384,0.002,0.691
-0.6292521382887672,193,1,499,307,0.386,0.002,0.692
-0.626159846144251,194,1,499,306,0.388,0.002,0.693
-0.6230675539997348,195,1,499,305,0.39,0.002,0.694
-0.6199752618552186,196,1,499,304,0.392,0.002,0.695
-0.6168829697107023,197,1,499,303,0.394,0.002,0.696
-0.6137906775661861,198,1,499,302,0.396,0.002,0.697
-0.6106983854216699,199,1,499,301,0.398,0.002,0.698
-0.6076060932771536,200,1,499,300,0.4,0.002,0.699
-0.6045138011326374,202,1,499,298,0.404,0.002,0.701
-0.6014215089881212,203,1,499,297,0.406,0.002,0.702
-0.598329216843605,204,1,499,296,0.408,0.002,0.703
-0.5952369246990887,207,1,499,293,0.414,0.002,0.706
-0.5921446325545725,210,2,498,290,0.42,0.004,0.708
-0.5890523404100563,210,2,498,290,0.42,0.004,0.708
-0.58596004826554,210,2,498,290,0.42,0.004,0.708
-0.5828677561210238,210,2,498,290,0.42,0.004,0.708
-0.5797754639765076,212,2,498,288,0.424,0.004,0.71
-0.5766831718319914,212,2,498,288,0.424,0.004,0.71
-0.5735908796874751,212,2,498,288,0.424,0.004,0.71
-0.5704985875429589,213,3,497,287,0.426,0.006,0.71
-0.5674062953984427,217,3,497,283,0.434,0.006,0.714
-0.5643140032539264,220,3,497,280,0.44,0.006,0.717
-0.5612217111094102,222,3,497,278,0.444,0.006,0.719
-0.558129418964894,222,3,497,278,0.444,0.006,0.719
-0.5550371268203778,224,3,497,276,0.448,0.006,0.721
-0.5519448346758615,225,4,496,275,0.45,0.008,0.721
-0.5488525425313453,226,4,496,274,0.452,0.008,0.722
-0.5457602503868291,229,4,496,271,0.458,0.008,0.725
-0.5426679582423128,229,4,496,271,0.458,0.008,0.725
-0.5395756660977966,230,4,496,270,0.46,0.008,0.726
-0.5364833739532804,233,4,496,267,0.466,0.008,0.729
-0.5333910818087642,234,5,495,266,0.468,0.01,0.729
-0.5302987896642479,235,5,495,265,0.47,0.01,0.73
-0.5272064975197317,235,5,495,265,0.47,0.01,0.73
-0.5241142053752155,238,5,495,262,0.476,0.01,0.733
-0.5210219132306992,238,5,495,262,0.476,0.01,0.733
-0.517929621086183,240,5,495,260,0.48,0.01,0.735
-0.5148373289416668,240,5,495,260,0.48,0.01,0.735
-0.5117450367971506,240,5,495,260,0.48,0.01,0.735
-0.5086527446526343,240,5,495,260,0.48,0.01,0.735
-0.5055604525081181,242,5,495,258,0.484,0.01,0.737
-0.5024681603636019,244,5,495,256,0.488,0.01,0.739
-0.49937586821908564,244,6,494,256,0.488,0.012,0.738
-0.4962835760745694,245,7,493,255,0.49,0.014,0.738
-0.4931912839300532,245,8,492,255,0.49,0.016,0.737
-0.49009899178553695,247,8,492,253,0.494,0.016,0.739
-0.4870066996410207,249,8,492,251,0.498,0.016,0.741
-0.4839144074965045,252,8,492,248,0.504,0.016,0.744
-0.48082211535198827,252,8,492,248,0.504,0.016,0.744
-0.47772982320747204,253,8,492,247,0.506,0.016,0.745
-0.4746375310629558,253,8,492,247,0.506,0.016,0.745
-0.4715452389184396,253,8,492,247,0.506,0.016,0.745
-0.46845294677392335,254,8,492,246,0.508,0.016,0.746
-0.4653606546294071,257,8,492,243,0.514,0.016,0.749
-0.4622683624848909,258,8,492,242,0.516,0.016,0.75
-0.45917607034037466,260,8,492,240,0.52,0.016,0.752
-0.45608377819585844,260,8,492,240,0.52,0.016,0.752
-0.4529914860513422,260,9,491,240,0.52,0.018,0.751
-0.449899193906826,260,9,491,240,0.52,0.018,0.751
-0.44680690176230975,260,10,490,240,0.52,0.02,0.75
-0.4437146096177935,262,11,489,238,0.524,0.022,0.751
-0.4406223174732773,268,11,489,232,0.536,0.022,0.757
-0.43753002532876106,268,12,488,232,0.536,0.024,0.756
-0.43443773318424483,270,12,488,230,0.54,0.024,0.758
-0.4313454410397286,270,12,488,230,0.54,0.024,0.758
-0.4282531488952124,272,12,488,228,0.544,0.024,0.76
-0.42516085675069615,274,12,488,226,0.548,0.024,0.762
-0.4220685646061799,274,12,488,226,0.548,0.024,0.762
-0.4189762724616637,275,12,488,225,0.55,0.024,0.763
-0.41588398031714746,277,12,488,223,0.554,0.024,0.765
-0.41279168817263123,280,12,488,220,0.56,0.024,0.768
-0.409699396028115,280,12,488,220,0.56,0.024,0.768
-0.4066071038835988,284,12,488,216,0.568,0.024,0.772
-0.40351481173908255,285,12,488,215,0.57,0.024,0.773
-0.4004225195945663,286,12,488,214,0.572,0.024,0.774
-0.3973302274500501,286,12,488,214,0.572,0.024,0.774
-0.39423793530553386,286,13,487,214,0.572,0.026,0.773
-0.39114564316101763,290,13,487,210,0.58,0.026,0.777
-0.3880533510165014,290,13,487,210,0.58,0.026,0.777
-0.3849610588719852,291,13,487,209,0.582,0.026,0.778
-0.38186876672746894,292,13,487,208,0.584,0.026,0.779
-0.3787764745829527,295,13,487,205,0.59,0.026,0.782
-0.3756841824384365,296,14,486,204,0.592,0.028,0.782
-0.37259189029392026,297,14,486,203,0.594,0.028,0.783
-0.36949959814940403,299,14,486,201,0.598,0.028,0.785
-0.3664073060048878,299,14,486,201,0.598,0.028,0.785
-0.36331501386037157,303,14,486,197,0.606,0.028,0.789
-0.36022272171585534,303,15,485,197,0.606,0.03,0.788
-0.3571304295713391,304,15,485,196,0.608,0.03,0.789
-0.3540381374268229,305,16,484,195,0.61,0.032,0.789
-0.35094584528230666,306,16,484,194,0.612,0.032,0.79
-0.3478535531377904,307,16,484,193,0.614,0.032,0.791
-0.3447612609932742,308,16,484,192,0.616,0.032,0.792
-0.34166896884875797,309,16,484,191,0.618,0.032,0.793
-0.33857667670424174,310,16,484,190,0.62,0.032,0.794
-0.3354843845597255,313,16,484,187,0.626,0.032,0.797
-0.3323920924152093,314,17,483,186,0.628,0.034,0.797
-0.32929980027069305,314,17,483,186,0.628,0.034,0.797
-0.3262075081261768,316,18,482,184,0.632,0.036,0.798
-0.3231152159816606,316,19,481,184,0.632,0.038,0.797
-0.32002292383714437,319,20,480,181,0.638,0.04,0.799
-0.31693063169262814,322,20,480,178,0.644,0.04,0.802
-0.3138383395481119,323,20,480,177,0.646,0.04,0.803
-0.3107460474035957,323,20,480,177,0.646,0.04,0.803
-0.30765375525907945,325,20,480,175,0.65,0.04,0.805
-0.3045614631145632,325,22,478,175,0.65,0.044,0.803
-0.301469170970047,325,22,478,175,0.65,0.044,0.803
-0.29837687882553077,326,22,478,174,0.652,0.044,0.804
-0.29528458668101454,326,22,478,174,0.652,0.044,0.804
-0.2921922945364983,327,22,478,173,0.654,0.044,0.805
-0.2891000023919821,327,23,477,173,0.654,0.046,0.804
-0.28600771024746585,328,23,477,172,0.656,0.046,0.805
-0.2829154181029496,328,24,476,172,0.656,0.048,0.804
-0.2798231259584334,330,24,476,170,0.66,0.048,0.806
-0.27673083381391717,334,24,476,166,0.668,0.048,0.81
-0.27363854166940094,335,24,476,165,0.67,0.048,0.811
-0.2705462495248847,337,24,476,163,0.674,0.048,0.813
-0.2674539573803685,338,25,475,162,0.676,0.05,0.813
-0.26436166523585225,341,25,475,159,0.682,0.05,0.816
-0.261269373091336,341,25,475,159,0.682,0.05,0.816
-0.2581770809468198,345,26,474,155,0.69,0.052,0.819
-0.25508478880230356,347,26,474,153,0.694,0.052,0.821
-0.25199249665778733,350,26,474,150,0.7,0.052,0.824
-0.2489002045132711,350,26,474,150,0.7,0.052,0.824
-0.24580791236875488,351,26,474,149,0.702,0.052,0.825
-0.24271562022423865,355,26,474,145,0.71,0.052,0.829
-0.23962332807972242,355,26,474,145,0.71,0.052,0.829
-0.2365310359352062,359,28,472,141,0.718,0.056,0.831
-0.23343874379068996,360,29,471,140,0.72,0.058,0.831
-0.23034645164617373,362,29,471,138,0.724,0.058,0.833
-0.2272541595016575,364,30,470,136,0.728,0.06,0.834
-0.22416186735714128,365,30,470,135,0.73,0.06,0.835
-0.22106957521262505,367,30,470,133,0.734,0.06,0.837
-0.21797728306810882,368,31,469,132,0.736,0.062,0.837
-0.2148849909235926,371,31,469,129,0.742,0.062,0.84
-0.21179269877907636,371,32,468,129,0.742,0.064,0.839
-0.20870040663456013,371,33,467,129,0.742,0.066,0.838
-0.2056081144900439,371,34,466,129,0.742,0.068,0.837
-0.20251582234552767,371,37,463,129,0.742,0.074,0.834
-0.19942353020101145,371,38,462,129,0.742,0.076,0.833
-0.19633123805649522,371,39,461,129,0.742,0.078,0.832
-0.193238945911979,371,39,461,129,0.742,0.078,0.832
-0.19014665376746276,372,39,461,128,0.744,0.078,0.833
-0.18705436162294653,373,39,461,127,0.746,0.078,0.834
-0.1839620694784303,373,39,461,127,0.746,0.078,0.834
-0.18086977733391407,377,40,460,123,0.754,0.08,0.837
-0.17777748518939784,378,41,459,122,0.756,0.082,0.837
-0.17468519304488161,380,41,459,120,0.76,0.082,0.839
-0.17159290090036539,381,41,459,119,0.762,0.082,0.84
-0.16850060875584916,381,41,459,119,0.762,0.082,0.84
-0.16540831661133293,382,42,458,118,0.764,0.084,0.84
-0.1623160244668167,383,42,458,117,0.766,0.084,0.841
-0.15922373232230047,385,42,458,115,0.77,0.084,0.843
-0.15613144017778424,387,44,456,113,0.774,0.088,0.843
-0.153039148033268,387,44,456,113,0.774,0.088,0.843
-0.14994685588875178,390,44,456,110,0.78,0.088,0.846
-0.14685456374423556,392,44,456,108,0.784,0.088,0.848
-0.14376227159971933,397,45,455,103,0.794,0.09,0.852
-0.1406699794552031,397,45,455,103,0.794,0.09,0.852
-0.13757768731068687,397,45,455,103,0.794,0.09,0.852
-0.13448539516617064,397,45,455,103,0.794,0.09,0.852
-0.1313931030216544,397,45,455,103,0.794,0.09,0.852
-0.12830081087713818,397,45,455,103,0.794,0.09,0.852
-0.12520851873262195,398,46,454,102,0.796,0.092,0.852
-0.12211622658810573,399,46,454,101,0.798,0.092,0.853
-0.1190239344435895,399,46,454,101,0.798,0.092,0.853
-0.11593164229907327,400,48,452,100,0.8,0.096,0.852
-0.11283935015455704,402,48,452,98,0.804,0.096,0.854
-0.10974705801004081,406,50,450,94,0.812,0.1,0.856
-0.10665476586552458,407,50,450,93,0.814,0.1,0.857
-0.10356247372100835,408,50,450,92,0.816,0.1,0.858
-0.10047018157649212,409,51,449,91,0.818,0.102,0.858
-0.0973778894319759,409,51,449,91,0.818,0.102,0.858
-0.09428559728745967,410,51,449,90,0.82,0.102,0.859
-0.09119330514294344,412,51,449,88,0.824,0.102,0.861
-0.08810101299842721,413,53,447,87,0.826,0.106,0.86
-0.08500872085391098,413,55,445,87,0.826,0.11,0.858
-0.08191642870939475,414,55,445,86,0.828,0.11,0.859
-0.07882413656487852,415,55,445,85,0.83,0.11,0.86
-0.0757318444203623,418,55,445,82,0.836,0.11,0.863
-0.07263955227584606,420,56,444,80,0.84,0.112,0.864
-0.06954726013132984,421,57,443,79,0.842,0.114,0.864
-0.0664549679868136,421,57,443,79,0.842,0.114,0.864
-0.06336267584229738,422,57,443,78,0.844,0.114,0.865
-0.06027038369778115,423,57,443,77,0.846,0.114,0.866
-0.05717809155326492,425,59,441,75,0.85,0.118,0.866
-0.05408579940874869,425,59,441,75,0.85,0.118,0.866
-0.05099350726423246,428,59,441,72,0.856,0.118,0.869
-0.047901215119716234,429,59,441,71,0.858,0.118,0.87
-0.044808922975200005,430,59,441,70,0.86,0.118,0.871
-0.041716630830683776,431,60,440,69,0.862,0.12,0.871
-0.03862433868616755,434,62,438,66,0.868,0.124,0.872
-0.03553204654165132,435,64,436,65,0.87,0.128,0.871
-0.03243975439713509,438,65,435,62,0.876,0.13,0.873
-0.02934746225261886,439,65,435,61,0.878,0.13,0.874
-0.026255170108102632,441,66,434,59,0.882,0.132,0.875
-0.023162877963586403,443,67,433,57,0.886,0.134,0.876
-0.020070585819070175,444,67,433,56,0.888,0.134,0.877
-0.016978293674553946,446,70,430,54,0.892,0.14,0.876
-0.013886001530037717,446,70,430,54,0.892,0.14,0.876
-0.010793709385521488,446,70,430,54,0.892,0.14,0.876
-0.0077014172410052595,446,70,430,54,0.892,0.14,0.876
-0.004609125096489031,447,70,430,53,0.894,0.14,0.877
-0.0015168329519728019,449,71,429,51,0.898,0.142,0.878
0.001575459192543427,450,71,429,50,0.9,0.142,0.879
0.004667751337059656,451,71,429,49,0.902,0.142,0.88
0.0077600434815758845,451,71,429,49,0.902,0.142,0.88
0.010852335626092113,451,73,427,49,0.902,0.146,0.878
0.013944627770608342,453,73,427,47,0.906,0.146,0.88
0.01703691991512457,455,73,427,45,0.91,0.146,0.882
0.0201292120596408,457,74,426,43,0.914,0.148,0.883
0.02322150420415703,457,76,424,43,0.914,0.152,0.881
0.026313796348673257,457,77,423,43,0.914,0.154,0.88
0.029406088493189486,458,77,423,42,0.916,0.154,0.881
0.032498380637705715,460,80,420,40,0.92,0.16,0.88
0.035590672782221944,460,82,418,40,0.92,0.164,0.878
0.03868296492673817,460,83,417,40,0.92,0.166,0.877
0.0417752570712544,461,83,417,39,0.922,0.166,0.878
0.04486754921577063,461,86,414,39,0.922,0.172,0.875
0.04795984136028686,462,88,412,38,0.924,0.176,0.874
0.05105213350480309,462,90,410,38,0.924,0.18,0.872
0.05414442564931932,463,92,408,37,0.926,0.184,0.871
0.057236717793835545,463,92,408,37,0.926,0.184,0.871
0.060329009938351774,463,93,407,37,0.926,0.186,0.87
0.063421302082868,463,93,407,37,0.926,0.186,0.87
0.06651359422738423,466,93,407,34,0.932,0.186,0.873
0.06960588637190046,466,97,403,34,0.932,0.194,0.869
0.07269817851641669,466,97,403,34,0.932,0.194,0.869
0.07579047066093292,466,99,401,34,0.932,0.198,0.867
0.07888276280544915,466,99,401,34,0.932,0.198,0.867
0.08197505494996538,466,100,400,34,0.932,0.2,0.866
0.0850673470944816,467,101,399,33,0.934,0.202,0.866
0.08815963923899783,467,102,398,33,0.934,0.204,0.865
0.09125193138351406,467,103,397,33,0.934,0.206,0.864
0.09434422352803029,467,103,397,33,0.934,0.206,0.864
0.09743651567254652,468,104,396,32,0.936,0.208,0.864
0.10052880781706275,468,105,395,32,0.936,0.21,0.863
0.10362109996157898,470,106,394,30,0.94,0.212,0.864
0.1067133921060952,470,106,394,30,0.94,0.212,0.864
0.10980568425061144,470,106,394,30,0.94,0.212,0.864
0.11289797639512766,470,107,393,30,0.94,0.214,0.863
0.11599026853964389,470,109,391,30,0.94,0.218,0.861
0.11908256068416012,470,110,390,30,0.94,0.22,0.86
0.12217485282867635,470,112,388,30,0.94,0.224,0.858
0.12526714497319258,470,112,388,30,0.94,0.224,0.858
0.1283594371177088,470,113,387,30,0.94,0.226,0.857
0.13145172926222504,470,113,387,30,0.94,0.226,0.857
0.13454402140674127,470,115,385,30,0.94,0.23,0.855
0.1376363135512575,471,115,385,29,0.942,0.23,0.856
0.14072860569577372,473,120,380,27,0.946,0.24,0.853
0.14382089784028995,473,121,379,27,0.946,0.242,0.852
0.14691318998480618,473,123,377,27,0.946,0.246,0.85
0.1500054821293224,474,126,374,26,0.948,0.252,0.848
0.15309777427383864,474,127,373,26,0.948,0.254,0.847
0.15619006641835487,474,127,373,26,0.948,0.254,0.847
0.1592823585628711,475,127,373,25,0.95,0.254,0.848
0.16237465070738732,477,128,372,23,0.954,0.256,0.849
0.16546694285190355,477,129,371,23,0.954,0.258,0.848
0.16855923499641978,477,132,368,23,0.954,0.264,0.845
0.171651527140936,478,134,366,22,0.956,0.268,0.844
0.17474381928545224,478,135,365,22,0.956,0.27,0.843
0.17783611142996847,478,136,364,22,0.956,0.272,0.842
0.1809284035744847,478,137,363,22,0.956,0.274,0.841
0.18402069571900093,478,138,362,22,0.956,0.276,0.84
0.18711298786351716,478,141,359,22,0.956,0.282,0.837
0.19020528000803338,478,142,358,22,0.956,0.284,0.836
0.1932975721525496,479,143,357,21,0.958,0.286,0.836
0.19638986429706584,479,143,357,21,0.958,0.286,0.836
0.19948215644158207,480,144,356,20,0.96,0.288,0.836
0.2025744485860983,481,146,354,19,0.962,0.292,0.835
0.20566674073061453,481,150,350,19,0.962,0.3,0.831
0.20875903287513076,481,152,348,19,0.962,0.304,0.829
0.21185132501964699,481,152,348,19,0.962,0.304,0.829
0.21494361716416321,481,153,347,19,0.962,0.306,0.828
0.21803590930867944,481,154,346,19,0.962,0.308,0.827
0.22112820145319567,481,156,344,19,0.962,0.312,0.825
0.2242204935977119,481,157,343,19,0.962,0.314,0.824
0.22731278574222813,483,158,342,17,0.966,0.316,0.825
0.23040507788674436,483,161,339,17,0.966,0.322,0.822
0.2334973700312606,483,161,339,17,0.966,0.322,0.822
0.23658966217577682,483,163,337,17,0.966,0.326,0.82
0.23968195432029304,483,164,336,17,0.966,0.328,0.819
0.24277424646480927,486,164,336,14,0.972,0.328,0.822
0.2458665386093255,486,166,334,14,0.972,0.332,0.82
0.24895883075384173,487,167,333,13,0.974,0.334,0.82
0.25205112289835796,488,167,333,12,0.976,0.334,0.821
0.2551434150428742,488,170,330,12,0.976,0.34,0.818
0.2582357071873904,489,172,328,11,0.978,0.344,0.817
0.26132799933190665,489,173,327,11,0.978,0.346,0.816
0.2644202914764229,489,174,326,11,0.978,0.348,0.815
0.2675125836209391,490,175,325,10,0.98,0.35,0.815
0.27060487576545533,490,177,323,10,0.98,0.354,0.813
0.27369716790997156,490,179,321,10,0.98,0.358,0.811
0.2767894600544878,490,180,320,10,0.98,0.36,0.81
0.279881752199004,490,184,316,10,0.98,0.368,0.806
0.28297404434352025,490,184,316,10,0.98,0.368,0.806
0.2860663364880365,490,185,315,10,0.98,0.37,0.805
0.2891586286325527,491,187,313,9,0.982,0.374,0.804
0.29225092077706893,491,188,312,9,0.982,0.376,0.803
0.29534321292158516,491,190,310,9,0.982,0.38,0.801
0.2984355050661014,491,190,310,9,0.982,0.38,0.801
0.3015277972106176,491,193,307,9,0.982,0.386,0.798
0.30462008935513385,491,195,305,9,0.982,0.39,0.796
0.3077123814996501,491,196,304,9,0.982,0.392,0.795
0.3108046736441663,491,199,301,9,0.982,0.398,0.792
0.31389696578868254,491,201,299,9,0.982,0.402,0.79
0.31698925793319876,491,203,297,9,0.982,0.406,0.788
0.320081550077715,491,206,294,9,0.982,0.412,0.785
0.3231738422222312,491,210,290,9,0.982,0.42,0.781
0.32626613436674745,492,212,288,8,0.984,0.424,0.78
0.3293584265112637,492,213,287,8,0.984,0.426,0.779
0.3324507186557799,492,215,285,8,0.984,0.43,0.777
0.33554301080029614,492,215,285,8,0.984,0.43,0.777
0.33863530294481237,492,216,284,8,0.984,0.432,0.776
0.3417275950893286,493,219,281,7,0.986,0.438,0.774
0.3448198872338448,493,220,280,7,0.986,0.44,0.773
0.34791217937836105,493,221,279,7,0.986,0.442,0.772
0.3510044715228773,493,224,276,7,0.986,0.448,0.769
0.3540967636673935,493,226,274,7,0.986,0.452,0.767
0.35718905581190974,493,227,273,7,0.986,0.454,0.766
0.36028134795642597,493,229,271,7,0.986,0.458,0.764
0.3633736401009422,493,231,269,7,0.986,0.462,0.762
0.3664659322454584,493,231,269,7,0.986,0.462,0.762
0.36955822438997465,493,235,265,7,0.986,0.47,0.758
0.3726505165344909,493,239,261,7,0.986,0.478,0.754
0.3757428086790071,493,240,260,7,0.986,0.48,0.753
0.37883510082352334,493,240,260,7,0.986,0.48,0.753
0.38192739296803957,493,241,259,7,0.986,0.482,0.752
0.3850196851125558,493,244,256,7,0.986,0.488,0.749
0.388111977257072,493,246,254,7,0.986,0.492,0.747
0.39120426940158826,493,248,252,7,0.986,0.496,0.745
0.3942965615461045,493,250,250,7,0.986,0.5,0.743
0.3973888536906207,493,252,248,7,0.986,0.504,0.741
0.40048114583513694,493,256,244,7,0.986,0.512,0.737
0.40357343797965317,493,259,241,7,0.986,0.518,0.734
0.4066657301241694,493,261,239,7,0.986,0.522,0.732
0.40975802226868563,494,263,237,6,0.988,0.526,0.731
0.41285031441320186,494,263,237,6,0.988,0.526,0.731
0.4159426065577181,494,263,237,6,0.988,0.526,0.731
0.4190348987022343,495,267,233,5,0.99,0.534,0.728
0.42212719084675054,495,269,231,5,0.99,0.538,0.726
0.4252194829912668,495,272,228,5,0.99,0.544,0.723
0.428311775135783,495,274,226,5,0.99,0.548,0.721
0.43140406728029923,496,274,226,4,0.992,0.548,0.722
0.43449635942481546,496,276,224,4,0.992,0.552,0.72
0.4375886515693317,497,276,224,3,0.994,0.552,0.721
0.4406809437138479,497,278,222,3,0.994,0.556,0.719
0.44377323585836415,497,280,220,3,0.994,0.56,0.717
0.4468655280028804,497,282,218,3,0.994,0.564,0.715
0.4499578201473966,497,284,216,3,0.994,0.568,0.713
0.45305011229191283,497,286,214,3,0.994,0.572,0.711
0.45614240443642906,497,288,212,3,0.994,0.576,0.709
0.4592346965809453,498,291,209,2,0.996,0.582,0.707
0.4623269887254615,498,294,206,2,0.996,0.588,0.704
0.46541928086997775,498,295,205,2,0.996,0.59,0.703
0.468511573014494,498,299,201,2,0.996,0.598,0.699
0.4716038651590102,498,301,199,2,0.996,0.602,0.697
0.47469615730352643,498,301,199,2,0.996,0.602,0.697
0.47778844944804266,498,304,196,2,0.996,0.608,0.694
0.4808807415925589,498,306,194,2,0.996,0.612,0.692
0.4839730337370751,498,306,194,2,0.996,0.612,0.692
0.48706532588159135,498,307,193,2,0.996,0.614,0.691
0.4901576180261076,498,309,191,2,0.996,0.618,0.689
0.4932499101706238,498,311,189,2,0.996,0.622,0.687
0.49634220231514004,498,311,189,2,0.996,0.622,0.687
0.49943449445965626,498,314,186,2,0.996,0.628,0.684
0.5025267866041725,498,315,185,2,0.996,0.63,0.683
0.5056190787486887,498,316,184,2,0.996,0.632,0.682
0.508711370893205,498,321,179,2,0.996,0.642,0.677
0.5118036630377212,498,322,178,2,0.996,0.644,0.676
0.5148959551822374,498,323,177,2,0.996,0.646,0.675
0.5179882473267536,498,325,175,2,0.996,0.65,0.673
0.5210805394712699,498,325,175,2,0.996,0.65,0.673
0.5241728316157861,498,327,173,2,0.996,0.654,0.671
0.5272651237603023,498,328,172,2,0.996,0.656,0.67
0.5303574159048186,498,329,171,2,0.996,0.658,0.669
0.5334497080493348,498,330,170,2,0.996,0.66,0.668
0.536542000193851,498,330,170,2,0.996,0.66,0.668
0.5396342923383672,498,334,166,2,0.996,0.668,0.664
0.5427265844828835,498,336,164,2,0.996,0.672,0.662
0.5458188766273997,498,338,162,2,0.996,0.676,0.66
0.5489111687719159,499,339,161,1,0.998,0.678,0.66
0.5520034609164322,499,340,160,1,0.998,0.68,0.659
0.5550957530609484,499,342,158,1,0.998,0.684,0.657
0.5581880452054646,499,344,156,1,0.998,0.688,0.655
0.5612803373499808,499,346,154,1,0.998,0.692,0.653
0.5643726294944971,499,348,152,1,0.998,0.696,0.651
0.5674649216390133,499,349,151,1,0.998,0.698,0.65
0.5705572137835295,499,349,151,1,0.998,0.698,0.65
0.5736495059280458,499,353,147,1,0.998,0.706,0.646
0.576741798072562,499,356,144,1,0.998,0.712,0.643
0.5798340902170782,499,357,143,1,0.998,0.714,0.642
0.5829263823615944,499,358,142,1,0.998,0.716,0.641
0.5860186745061107,499,359,141,1,0.998,0.718,0.64
0.5891109666506269,499,359,141,1,0.998,0.718,0.64
0.5922032587951431,499,363,137,1,0.998,0.726,0.636
0.5952955509396594,499,365,135,1,0.998,0.73,0.634
0.5983878430841756,499,366,134,1,0.998,0.732,0.633
0.6014801352286918,499,367,133,1,0.998,0.734,0.632
0.604572427373208,499,369,131,1,0.998,0.738,0.63
0.6076647195177243,499,372,128,1,0.998,0.744,0.627
0.6107570116622405,499,372,128,1,0.998,0.744,0.627
0.6138493038067567,499,373,127,1,0.998,0.746,0.626
0.616941595951273,499,373,127,1,0.998,0.746,0.626
0.6200338880957892,499,373,127,1,0.998,0.746,0.626
0.6231261802403054,499,374,126,1,0.998,0.748,0.625
0.6262184723848216,499,375,125,1,0.998,0.75,0.624
0.6293107645293379,499,378,122,1,0.998,0.756,0.621
0.6324030566738541,499,380,120,1,0.998,0.76,0.619
0.6354953488183703,499,381,119,1,0.998,0.762,0.618
0.6385876409628866,499,382,118,1,0.998,0.764,0.617
0.6416799331074028,499,382,118,1,0.998,0.764,0.617
0.644772225251919,499,382,118,1,0.998,0.764,0.617
0.6478645173964352,499,384,116,1,0.998,0.768,0.615
0.6509568095409515,499,385,115,1,0.998,0.77,0.614
0.6540491016854677,499,385,115,1,0.998,0.77,0.614
0.6571413938299839,499,385,115,1,0.998,0.77,0.614
0.6602336859745002,499,386,114,1,0.998,0.772,0.613
0.6633259781190164,499,386,114,1,0.998,0.772,0.613
0.6664182702635326,499,387,113,1,0.998,0.774,0.612
0.6695105624080488,499,388,112,1,0.998,0.776,0.611
0.6726028545525651,499,390,110,1,0.998,0.78,0.609
0.6756951466970813,499,392,108,1,0.998,0.784,0.607
0.6787874388415975,499,392,108,1,0.998,0.784,0.607
0.6818797309861138,499,394,106,1,0.998,0.788,0.605
0.68497202313063,499,394,106,1,0.998,0.788,0.605
0.6880643152751462,499,394,106,1,0.998,0.788,0.605
0.6911566074196624,499,396,104,1,0.998,0.792,0.603
0.6942488995641787,499,397,103,1,0.998,0.794,0.602
0.6973411917086949,499,397,103,1,0.998,0.794,0.602
0.7004334838532111,499,397,103,1,0.998,0.794,0.602
0.7035257759977274,499,399,101,1,0.998,0.798,0.6
0.7066180681422436,499,399,101,1,0.998,0.798,0.6
0.7097103602867598,499,399,101,1,0.998,0.798,0.6
0.712802652431276,499,400,100,1,0.998,0.8,0.599
0.7158949445757923,499,400,100,1,0.998,0.8,0.599
0.7189872367203085,499,403,97,1,0.998,0.806,0.596
0.7220795288648247,499,403,97,1,0.998,0.806,0.596
0.725171821009341,499,403,97,1,0.998,0.806,0.596
0.7282641131538572,499,405,95,1,0.998,0.81,0.594
0.7313564052983734,499,405,95,1,0.998,0.81,0.594
0.7344486974428897,499,408,92,1,0.998,0.816,0.591
0.7375409895874059,499,410,90,1,0.998,0.82,0.589
0.7406332817319221,499,410,90,1,0.998,0.82,0.589
0.7437255738764383,499,413,87,1,0.998,0.826,0.586
0.7468178660209546,499,413,87,1,0.998,0.826,0.586
0.7499101581654708,499,413,87,1,0.998,0.826,0.586
0.753002450309987,499,413,87,1,0.998,0.826,0.586
0.7560947424545033,499,414,86,1,0.998,0.828,0.585
0.7591870345990195,499,415,85,1,0.998,0.83,0.584
0.7622793267435357,499,416,84,1,0.998,0.832,0.583
0.7653716188880519,499,416,84,1,0.998,0.832,0.583
0.7684639110325682,499,417,83,1,0.998,0.834,0.582
0.7715562031770844,499,417,83,1,0.998,0.834,0.582
0.7746484953216006,499,418,82,1,0.998,0.836,0.581
0.7777407874661169,499,419,81,1,0.998,0.838,0.58
0.7808330796106331,499,420,80,1,0.998,0.84,0.579
0.7839253717551493,499,422,78,1,0.998,0.844,0.577
0.7870176638996655,499,422,78,1,0.998,0.844,0.577
0.7901099560441818,499,422,78,1,0.998,0.844,0.577
0.793202248188698,499,422,78,1,0.998,0.844,0.577
0.7962945403332142,499,422,78,1,0.998,0.844,0.577
0.7993868324777305,499,423,77,1,0.998,0.846,0.576
0.8024791246222467,499,424,76,1,0.998,0.848,0.575
0.8055714167667629,499,425,75,1,0.998,0.85,0.574
0.8086637089112791,499,426,74,1,0.998,0.852,0.573
0.8117560010557954,499,428,72,1,0.998,0.856,0.571
0.8148482932003116,499,429,71,1,0.998,0.858,0.57
0.8179405853448278,499,429,71,1,0.998,0.858,0.57
0.8210328774893441,499,429,71,1,0.998,0.858,0.57
0.8241251696338603,499,429,71,1,0.998,0.858,0.57
0.8272174617783765,499,431,69,1,0.998,0.862,0.568
0.8303097539228927,499,432,68,1,0.998,0.864,0.567
0.833402046067409,499,432,68,1,0.998,0.864,0.567
0.8364943382119252,499,432,68,1,0.998,0.864,0.567
0.8395866303564414,499,432,68,1,0.998,0.864,0.567
0.8426789225009577,499,432,68,1,0.998,0.864,0.567
0.8457712146454739,499,433,67,1,0.998,0.866,0.566
0.8488635067899901,499,433,67,1,0.998,0.866,0.566
0.8519557989345063,499,433,67,1,0.998,0.866,0.566
0.8550480910790226,499,434,66,1,0.998,0.868,0.565
0.8581403832235388,499,436,64,1,0.998,0.872,0.563
0.861232675368055,499,438,62,1,0.998,0.876,0.561
0.8643249675125713,499,439,61,1,0.998,0.878,0.56
0.8674172596570875,499,439,61,1,0.998,0.878,0.56
0.8705095518016037,499,439,61,1,0.998,0.878,0.56
0.87360184394612,499,439,61,1,0.998,0.878,0.56
0.8766941360906362,499,439,61,1,0.998,0.878,0.56
0.8797864282351524,499,439,61,1,0.998,0.878,0.56
0.8828787203796686,499,440,60,1,0.998,0.88,0.559
0.8859710125241849,499,441,59,1,0.998,0.882,0.558
0.8890633046687011,499,442,58,1,0.998,0.884,0.557
0.8921555968132173,499,443,57,1,0.998,0.886,0.556
0.8952478889577336,499,444,56,1,0.998,0.888,0.555
0.8983401811022498,499,445,55,1,0.998,0.89,0.554
0.901432473246766,499,449,51,1,0.998,0.898,0.55
0.9045247653912822,499,452,48,1,0.998,0.904,0.547
0.9076170575357985,499,453,47,1,0.998,0.906,0.546
0.9107093496803147,499,455,45,1,0.998,0.91,0.544
0.9138016418248309,499,455,45,1,0.998,0.91,0.544
0.9168939339693472,499,455,45,1,0.998,0.91,0.544
0.9199862261138634,499,456,44,1,0.998,0.912,0.543
0.9230785182583796,499,456,44,1,0.998,0.912,0.543
0.9261708104028958,499,458,42,1,0.998,0.916,0.541
0.9292631025474121,499,458,42,1,0.998,0.916,0.541
0.9323553946919283,499,458,42,1,0.998,0.916,0.541
0.9354476868364445,499,458,42,1,0.998,0.916,0.541
0.9385399789809608,499,458,42,1,0.998,0.916,0.541
0.941632271125477,499,458,42,1,0.998,0.916,0.541
0.9447245632699932,499,458,42,1,0.998,0.916,0.541
0.9478168554145094,499,459,41,1,0.998,0.918,0.54
0.9509091475590257,499,459,41,1,0.998,0.918,0.54
0.9540014397035419,499,461,39,1,0.998,0.922,0.538
0.9570937318480581,499,461,39,1,0.998,0.922,0.538
0.9601860239925744,499,461,39,1,0.998,0.922,0.538
0.9632783161370906,499,462,38,1,0.998,0.924,0.537
0.9663706082816068,499,464,36,1,0.998,0.928,0.535
0.969462900426123,499,466,34,1,0.998,0.932,0.533
0.9725551925706393,499,466,34,1,0.998,0.932,0.533
0.9756474847151555,499,466,34,1,0.998,0.932,0.533
0.9787397768596717,499,466,34,1,0.998,0.932,0.533
0.981832069004188,499,466,34,1,0.998,0.932,0.533
0.9849243611487042,499,467,33,1,0.998,0.934,0.532
0.9880166532932204,499,467,33,1,0.998,0.934,0.532
0.9911089454377366,499,469,31,1,0.998,0.938,0.53
0.9942012375822529,499,469,31,1,0.998,0.938,0.53
0.9972935297267691,499,469,31,1,0.998,0.938,0.53
1.0003858218712853,499,470,30,1,0.998,0.94,0.529
1.0034781140158016,499,471,29,1,0.998,0.942,0.528
1.0065704061603178,499,471,29,1,0.998,0.942,0.528
1.009662698304834,499,472,28,1,0.998,0.944,0.527
1.0127549904493502,499,472,28,1,0.998,0.944,0.527
1.0158472825938665,499,473,27,1,0.998,0.946,0.526
1.0189395747383827,499,474,26,1,0.998,0.948,0.525
1.022031866882899,499,474,26,1,0.998,0.948,0.525
1.0251241590274152,499,475,25,1,0.998,0.95,0.524
1.0282164511719314,499,477,23,1,0.998,0.954,0.522
1.0313087433164476,499,477,23,1,0.998,0.954,0.522
1.0344010354609638,499,477,23,1,0.998,0.954,0.522
1.03749332760548,499,477,23,1,0.998,0.954,0.522
1.0405856197499963,499,478,22,1,0.998,0.956,0.521
1.0436779118945125,499,480,20,1,0.998,0.96,0.519
1.0467702040390288,499,482,18,1,0.998,0.964,0.517
1.049862496183545,499,482,18,1,0.998,0.964,0.517
1.0529547883280612,499,482,18,1,0.998,0.964,0.517
1.0560470804725774,499,482,18,1,0.998,0.964,0.517
1.0591393726170937,499,483,17,1,0.998,0.966,0.516
1.06223166476161,499,483,17,1,0.998,0.966,0.516
1.0653239569061261,499,483,17,1,0.998,0.966,0.516
1.0684162490506424,499,483,17,1,0.998,0.966,0.516
1.0715085411951586,499,483,17,1,0.998,0.966,0.516
1.0746008333396748,499,483,17,1,0.998,0.966,0.516
1.077693125484191,499,483,17,1,0.998,0.966,0.516
1.0807854176287073,499,484,16,1,0.998,0.968,0.515
1.0838777097732235,499,484,16,1,0.998,0.968,0.515
1.0869700019177397,499,484,16,1,0.998,0.968,0.515
1.090062294062256,499,484,16,1,0.998,0.968,0.515
1.0931545862067722,499,484,16,1,0.998,0.968,0.515
1.0962468783512884,499,484,16,1,0.998,0.968,0.515
1.0993391704958047,499,484,16,1,0.998,0.968,0.515
1.1024314626403209,499,484,16,1,0.998,0.968,0.515
1.105523754784837,499,484,16,1,0.998,0.968,0.515
1.1086160469293533,499,485,15,1,0.998,0.97,0.514
1.1117083390738696,499,485,15,1,0.998,0.97,0.514
1.1148006312183858,499,485,15,1,0.998,0.97,0.514
1.117892923362902,499,485,15,1,0.998,0.97,0.514
1.1209852155074183,499,486,14,1,0.998,0.972,0.513
1.1240775076519345,499,486,14,1,0.998,0.972,0.513
1.1271697997964507,499,486,14,1,0.998,0.972,0.513
1.130262091940967,499,486,14,1,0.998,0.972,0.513
1.1333543840854832,499,486,14,1,0.998,0.972,0.513
1.1364466762299994,499,486,14,1,0.998,0.972,0.513
1.1395389683745156,499,486,14,1,0.998,0.972,0.513
1.1426312605190319,499,486,14,1,0.998,0.972,0.513
1.145723552663548,499,486,14,1,0.998,0.972,0.513
1.1488158448080643,499,487,13,1,0.998,0.974,0.512
1.1519081369525805,499,487,13,1,0.998,0.974,0.512
1.1550004290970968,499,487,13,1,0.998,0.974,0.512
1.158092721241613,499,487,13,1,0.998,0.974,0.512
1.1611850133861292,499,487,13,1,0.998,0.974,0.512
1.1642773055306455,499,488,12,1,0.998,0.976,0.511
1.1673695976751617,499,488,12,1,0.998,0.976,0.511
1.170461889819678,499,488,12,1,0.998,0.976,0.511
1.1735541819641941,499,488,12,1,0.998,0.976,0.511
1.1766464741087104,499,489,11,1,0.998,0.978,0.51
1.1797387662532266,499,489,11,1,0.998,0.978,0.51
1.1828310583977428,500,489,11,0,1.0,0.978,0.511
1.185923350542259,500,489,11,0,1.0,0.978,0.511
1.1890156426867753,500,489,11,0,1.0,0.978,0.511
1.1921079348312915,500,490,10,0,1.0,0.98,0.51
1.1952002269758077,500,492,8,0,1.0,0.984,0.508
1.198292519120324,500,492,8,0,1.0,0.984,0.508
1.2013848112648402,500,492,8,0,1.0,0.984,0.508
1.2044771034093564,500,492,8,0,1.0,0.984,0.508
1.2075693955538727,500,492,8,0,1.0,0.984,0.508
1.2106616876983889,500,492,8,0,1.0,0.984,0.508
1.2137539798429051,500,492,8,0,1.0,0.984,0.508
1.2168462719874213,500,492,8,0,1.0,0.984,0.508
1.2199385641319376,500,492,8,0,1.0,0.984,0.508
1.2230308562764538,500,492,8,0,1.0,0.984,0.508
1.22612314842097,500,492,8,0,1.0,0.984,0.508
1.2292154405654863,500,492,8,0,1.0,0.984,0.508
1.2323077327100025,500,492,8,0,1.0,0.984,0.508
1.2354000248545187,500,493,7,0,1.0,0.986,0.507
1.238492316999035,500,494,6,0,1.0,0.988,0.506
1.2415846091435512,500,494,6,0,1.0,0.988,0.506
1.2446769012880674,500,494,6,0,1.0,0.988,0.506
1.2477691934325836,500,494,6,0,1.0,0.988,0.506
1.2508614855770999,500,494,6,0,1.0,0.988,0.506
1.253953777721616,500,494,6,0,1.0,0.988,0.506
1.2570460698661323,500,494,6,0,1.0,0.988,0.506
1.2601383620106485,500,494,6,0,1.0,0.988,0.506
1.2632306541551648,500,494,6,0,1.0,0.988,0.506
1.266322946299681,500,494,6,0,1.0,0.988,0.506
1.2694152384441972,500,494,6,0,1.0,0.988,0.506
1.2725075305887135,500,494,6,0,1.0,0.988,0.506
1.2755998227332297,500,494,6,0,1.0,0.988,0.506
1.278692114877746,500,494,6,0,1.0,0.988,0.506
1.2817844070222622,500,495,5,0,1.0,0.99,0.505
1.2848766991667784,500,495,5,0,1.0,0.99,0.505
1.2879689913112946,500,495,5,0,1.0,0.99,0.505
1.2910612834558108,500,495,5,0,1.0,0.99,0.505
1.294153575600327,500,495,5,0,1.0,0.99,0.505
1.2972458677448433,500,495,5,0,1.0,0.99,0.505
1.3003381598893595,500,495,5,0,1.0,0.99,0.505
1.3034304520338758,500,495,5,0,1.0,0.99,0.505
1.306522744178392,500,495,5,0,1.0,0.99,0.505
1.3096150363229082,500,495,5,0,1.0,0.99,0.505
1.3127073284674244,500,495,5,0,1.0,0.99,0.505
1.3157996206119407,500,495,5,0,1.0,0.99,0.505
1.318891912756457,500,495,5,0,1.0,0.99,0.505
1.3219842049009731,500,496,4,0,1.0,0.992,0.504
1.3250764970454894,500,496,4,0,1.0,0.992,0.504
1.3281687891900056,500,496,4,0,1.0,0.992,0.504
1.3312610813345218,500,496,4,0,1.0,0.992,0.504
1.334353373479038,500,496,4,0,1.0,0.992,0.504
1.3374456656235543,500,496,4,0,1.0,0.992,0.504
1.3405379577680705,500,496,4,0,1.0,0.992,0.504
1.3436302499125867,500,496,4,0,1.0,0.992,0.504
1.346722542057103,500,496,4,0,1.0,0.992,0.504
1.3498148342016192,500,496,4,0,1.0,0.992,0.504
1.3529071263461354,500,496,4,0,1.0,0.992,0.504
1.3559994184906516,500,496,4,0,1.0,0.992,0.504
1.3590917106351679,500,496,4,0,1.0,0.992,0.504
1.362184002779684,500,496,4,0,1.0,0.992,0.504
1.3652762949242003,500,496,4,0,1.0,0.992,0.504
1.3683685870687166,500,496,4,0,1.0,0.992,0.504
1.3714608792132328,500,496,4,0,1.0,0.992,0.504
1.374553171357749,500,496,4,0,1.0,0.992,0.504
1.3776454635022652,500,497,3,0,1.0,0.994,0.503
1.3807377556467815,500,497,3,0,1.0,0.994,0.503
1.3838300477912977,500,497,3,0,1.0,0.994,0.503
1.386922339935814,500,497,3,0,1.0,0.994,0.503
1.3900146320803302,500,497,3,0,1.0,0.994,0.503
1.3931069242248464,500,497,3,0,1.0,0.994,0.503
1.3961992163693626,500,497,3,0,1.0,0.994,0.503
1.3992915085138788,500,497,3,0,1.0,0.994,0.503
1.402383800658395,500,497,3,0,1.0,0.994,0.503
1.4054760928029113,500,497,3,0,1.0,0.994,0.503
1.4085683849474275,500,497,3,0,1.0,0.994,0.503
1.4116606770919438,500,497,3,0,1.0,0.994,0.503
1.41475296923646,500,497,3,0,1.0,0.994,0.503
1.4178452613809762,500,497,3,0,1.0,0.994,0.503
1.4209375535254924,500,498,2,0,1.0,0.996,0.502
1.4240298456700087,500,498,2,0,1.0,0.996,0.502
1.427122137814525,500,498,2,0,1.0,0.996,0.502
1.4302144299590411,500,498,2,0,1.0,0.996,0.502
1.4333067221035574,500,498,2,0,1.0,0.996,0.502
1.4363990142480736,500,498,2,0,1.0,0.996,0.502
1.4394913063925898,500,498,2,0,1.0,0.996,0.502
1.442583598537106,500,498,2,0,1.0,0.996,0.502
1.4456758906816223,500,498,2,0,1.0,0.996,0.502
1.4487681828261385,500,498,2,0,1.0,0.996,0.502
1.4518604749706547,500,498,2,0,1.0,0.996,0.502
1.454952767115171,500,498,2,0,1.0,0.996,0.502
1.4580450592596872,500,498,2,0,1.0,0.996,0.502
1.4611373514042034,500,499,1,0,1.0,0.998,0.501
1.4642296435487197,500,499,1,0,1.0,0.998,0.501
1.4673219356932359,500,499,1,0,1.0,0.998,0.501
1.470414227837752,500,499,1,0,1.0,0.998,0.501
1.4735065199822683,500,499,1,0,1.0,0.998,0.501
1.4765988121267846,500,499,1,0,1.0,0.998,0.501
1.4796911042713008,500,499,1,0,1.0,0.998,0.501
1.482783396415817,500,499,1,0,1.0,0.998,0.501
1.4858756885603333,500,499,1,0,1.0,0.998,0.501
1.4889679807048495,500,499,1,0,1.0,0.998,0.501
1.4920602728493657,500,499,1,0,1.0,0.998,0.501
1.495152564993882,500,499,1,0,1.0,0.998,0.501
1.4982448571383982,500,499,1,0,1.0,0.998,0.501
1.5013371492829144,500,499,1,0,1.0,0.998,0.501
1.5044294414274306,500,499,1,0,1.0,0.998,0.501
1.5075217335719469,500,499,1,0,1.0,0.998,0.501
1.510614025716463,500,499,1,0,1.0,0.998,0.501
1.5137063178609793,500,499,1,0,1.0,0.998,0.501
1.5167986100054955,500,499,1,0,1.0,0.998,0.501
1.5198909021500118,500,499,1,0,1.0,0.998,0.501
1.522983194294528,500,499,1,0,1.0,0.998,0.501
1.5260754864390442,500,499,1,0,1.0,0.998,0.501
1.5291677785835605,500,499,1,0,1.0,0.998,0.501
1.5322600707280767,500,499,1,0,1.0,0.998,0.501
1.535352362872593,500,499,1,0,1.0,0.998,0.501
1.5384446550171091,500,499,1,0,1.0,0.998,0.501
1.5415369471616254,500,499,1,0,1.0,0.998,0.501
1.5446292393061416,500,499,1,0,1.0,0.998,0.501
1.5477215314506578,500,499,1,0,1.0,0.998,0.501
1.550813823595174,500,499,1,0,1.0,0.998,0.501
1.5539061157396903,500,499,1,0,1.0,0.998,0.501
1.5569984078842065,500,499,1,0,1.0,0.998,0.501
1.5600907000287227,500,499,1,0,1.0,0.998,0.501
1.563182992173239,500,499,1,0,1.0,0.998,0.501
1.5662752843177552,500,499,1,0,1.0,0.998,0.501
1.5693675764622714,500,499,1,0,1.0,0.998,0.501
1.5724598686067877,500,499,1,0,1.0,0.998,0.501
1.5755521607513039,500,499,1,0,1.0,0.998,0.501
1.5786444528958201,500,499,1,0,1.0,0.998,0.501
1.5817367450403363,500,499,1,0,1.0,0.998,0.501
1.5848290371848526,500,499,1,0,1.0,0.998,0.501
1.5879213293293688,500,499,1,0,1.0,0.998,0.501
1.591013621473885,500,499,1,0,1.0,0.998,0.501
1.5941059136184013,500,499,1,0,1.0,0.998,0.501
1.5971982057629175,500,499,1,0,1.0,0.998,0.501
1.6002904979074337,500,499,1,0,1.0,0.998,0.501
1.60338279005195,500,499,1,0,1.0,0.998,0.501
1.6064750821964662,500,499,1,0,1.0,0.998,0.501
1.6095673743409824,500,499,1,0,1.0,0.998,0.501
1.6126596664854986,500,499,1,0,1.0,0.998,0.501
1.6157519586300149,500,499,1,0,1.0,0.998,0.501
1.618844250774531,500,499,1,0,1.0,0.998,0.501
1.6219365429190473,500,499,1,0,1.0,0.998,0.501
1.6250288350635635,500,499,1,0,1.0,0.998,0.501
1.6281211272080798,500,499,1,0,1.0,0.998,0.501
1.631213419352596,500,499,1,0,1.0,0.998,0.501
1.6343057114971122,500,499,1,0,1.0,0.998,0.501
1.6373980036416285,500,499,1,0,1.0,0.998,0.501
1.6404902957861447,500,499,1,0,1.0,0.998,0.501
1.643582587930661,500,499,1,0,1.0,0.998,0.501
1.6466748800751771,500,499,1,0,1.0,0.998,0.501
1.6497671722196934,500,499,1,0,1.0,0.998,0.501
1.6528594643642096,500,499,1,0,1.0,0.998,0.501
1.6559517565087258,500,499,1,0,1.0,0.998,0.501
1.659044048653242,500,499,1,0,1.0,0.998,0.501
1.6621363407977583,500,499,1,0,1.0,0.998,0.501
1.6652286329422745,500,499,1,0,1.0,0.998,0.501
